airport_name,city,country
Abu Dhabi International Airport,Abu Dhabi,United Arab Emirates
Adolfo Suarez Madrid Barajas Airport,Madrid,Spain
Beijing Capital International Airport,Beijing,China
Buon Ma Thuot Airport,Buonmethuot,Vietnam
Ca Mau Airport,Ca Mau,Vietnam
Cam Ranh Airport,Nha Trang,Vietnam
Can Tho International Airport,Can Tho,Vietnam
Cat Bi International Airport,Haiphong,Vietnam
Charles de Gaulle International Airport,Paris,France
Chengdu Shuangliu International Airport,Chengdu,China
Chu Lai International Airport,Chu Lai,Vietnam
Chubu Centrair International Airport,Nagoya,Japan
Co Ong Airport,Conson,Vietnam
Da Nang International Airport,Danang,Vietnam
Dien Bien Phu Airport,Dienbienphu,Vietnam
Domodedovo International Airport,Moscow,Russia
Dong Hoi Airport,Dong Hoi,Vietnam
Dong Tac Airport,Tuy Hoa,Vietnam
Frankfurt am Main Airport,Frankfurt,Germany
Fukuoka Airport,Fukuoka,Japan
Fuzhou Changle International Airport,Fuzhou,China
Gimhae International Airport,Busan,South Korea
Guangzhou Baiyun International Airport,Guangzhou,China
Hangzhou Xiaoshan International Airport,Hangzhou,China
Hong Kong International Airport,Hong Kong,Hong Kong
Incheon International Airport,Seoul,South Korea
Jomo Kenyatta International Airport,Nairobi,Kenya
Kansai International Airport,Osaka,Japan
Kaohsiung International Airport,Kaohsiung,Taiwan
Kuala Lumpur International Airport,Kuala Lumpur,Malaysia
Lien Khuong Airport,Dalat,Vietnam
Luang Phabang International Airport,Luang Prabang,Laos
Melbourne International Airport,Melbourne,Australia
Narita International Airport,Tokyo,Japan
Ninoy Aquino International Airport,Manila,Philippines
Noi Bai International Airport,Hanoi,Vietnam
Phnom Penh International Airport,Phnom-penh,Cambodia
Phu Bai Airport,Hue,Vietnam
Phu Cat Airport,Phucat,Vietnam
Phu Quoc International Airport,Phuquoc,Vietnam
Pleiku Airport,Pleiku,Vietnam
Rach Gia Airport,Rach Gia,Vietnam
Shanghai Pudong International Airport,Shanghai,China
Siem Reap International Airport,Siem-reap,Cambodia
Singapore Changi Airport,Singapore,Singapore
Soekarno-Hatta International Airport,Jakarta,Indonesia
Suvarnabhumi Airport,Bangkok,Thailand
Sydney Kingsford Smith International Airport,Sydney,Australia
Taiwan Taoyuan International Airport,Taipei,Taiwan
Tan Son Nhat International Airport,Ho Chi Minh City,Vietnam
Vinh Airport,Vinh,Vietnam
Wattay International Airport,Vientiane,Laos
Wenzhou Longwan International Airport,Wenzhou,China
Xiamen Gaoqi International Airport,Xiamen,China
Yangon International Airport,Yangon,Burma
Manas International Airport,Bishkek,Kyrgyzstan
Osh Airport,Osh,Kyrgyzstan
Abbotsford Airport,Abbotsford,Canada
Brandon Municipal Airport,Brandon,Canada
Calgary International Airport,Calgary,Canada
Charlottetown Airport,Charlottetown,Canada
Chicago O'Hare International Airport,Chicago,United States
Comox Airport,Comox,Canada
Dallas Fort Worth International Airport,Dallas-Fort Worth,United States
Detroit Metropolitan Wayne County Airport,Detroit,United States
Edmonton International Airport,Edmonton,Canada
Fort McMurray Airport,Fort Mcmurray,Canada
Fort St John Airport,Fort Saint John,Canada
Grande Prairie Airport,Grande Prairie,Canada
Halifax / Stanfield International Airport,Halifax,Canada
Hartsfield Jackson Atlanta International Airport,Atlanta,United States
John F Kennedy International Airport,New York,United States
Kamloops Airport,Kamloops,Canada
Kelowna International Airport,Kelowna,Canada
La Guardia Airport,New York,United States
Lester B. Pearson International Airport,Toronto,Canada
Los Angeles International Airport,Los Angeles,United States
Louis Armstrong New Orleans International Airport,New Orleans,United States
Miami International Airport,Miami,United States
Minneapolis-St Paul International/Wold-Chamberlain Airport,Minneapolis,United States
Montreal / Pierre Elliott Trudeau International Airport,Montreal,Canada
Nanaimo Airport,Nanaimo,Canada
Northwest Regional Airport Terrace-Kitimat,Terrace,Canada
Ottawa Macdonald-Cartier International Airport,Ottawa,Canada
Prince George Airport,Prince George,Canada
Regina International Airport,Regina,Canada
Saskatoon John G. Diefenbaker International Airport,Saskatoon,Canada
Southwest Florida International Airport,Fort Myers,United States
Tampa International Airport,Tampa,United States
Thunder Bay Airport,Thunder Bay,Canada
Vancouver International Airport,Vancouver,Canada
Victoria International Airport,Victoria,Canada
Winnipeg / James Armstrong Richardson International Airport,Winnipeg,Canada
Yellowknife Airport,Yellowknife,Canada
Akron Canton Regional Airport,Akron,United States
Albuquerque International Sunport,Albuquerque,United States
Austin Bergstrom International Airport,Austin,United States
Baltimore/Washington International Thurgood Marshall Airport,Baltimore,United States
Bill & Hillary Clinton National Airport/Adams Field,Little Rock,United States
Bradley International Airport,Windsor Locks,United States
Branson Airport,Branson,United States
Buffalo Niagara International Airport,Buffalo,United States
Cancun International Airport,Cancun,Mexico
Charlotte Douglas International Airport,Charlotte,United States
Chicago Midway International Airport,Chicago,United States
Cleveland Hopkins International Airport,Cleveland,United States
Corpus Christi International Airport,Corpus Christi,United States
Dallas Love Field,Dallas,United States
Denver International Airport,Denver,United States
Des Moines International Airport,Des Moines,United States
El Paso International Airport,El Paso,United States
Eppley Airfield,Omaha,United States
Fort Lauderdale Hollywood International Airport,Fort Lauderdale,United States
General Edward Lawrence Logan International Airport,Boston,United States
General Mitchell International Airport,Milwaukee,United States
Indianapolis International Airport,Indianapolis,United States
Jackson-Medgar Wiley Evers International Airport,Jackson,United States
Jacksonville International Airport,Jacksonville,United States
James M Cox Dayton International Airport,Dayton,United States
John Glenn Columbus International Airport,Columbus,United States
Kansas City International Airport,Kansas City,United States
Louisville International Standiford Field,Louisville,United States
Lubbock Preston Smith International Airport,Lubbock,United States
Luis Munoz Marin International Airport,San Juan,Puerto Rico
Lynden Pindling International Airport,Nassau,Bahamas
Manchester-Boston Regional Airport,Manchester NH,United States
McCarran International Airport,Las Vegas,United States
Memphis International Airport,Memphis,United States
Metropolitan Oakland International Airport,Oakland,United States
Midland International Airport,Midland,United States
Nashville International Airport,Nashville,United States
Norfolk International Airport,Norfolk,United States
Norman Y. Mineta San Jose International Airport,San Jose,United States
Northwest Florida Beaches International Airport,Panama City,United States
Ontario International Airport,Ontario,United States
Orlando International Airport,Orlando,United States
Palm Beach International Airport,West Palm Beach,United States
Philadelphia International Airport,Philadelphia,United States
Phoenix Sky Harbor International Airport,Phoenix,United States
Pittsburgh International Airport,Pittsburgh,United States
Portland International Airport,Portland,United States
Punta Cana International Airport,Punta Cana,Dominican Republic
Queen Beatrix International Airport,Oranjestad,Aruba
Raleigh Durham International Airport,Raleigh-durham,United States
Reno Tahoe International Airport,Reno,United States
Richmond International Airport,Richmond,United States
Rick Husband Amarillo International Airport,Amarillo,United States
Ronald Reagan Washington National Airport,Washington,United States
Sacramento International Airport,Sacramento,United States
Salt Lake City International Airport,Salt Lake City,United States
San Antonio International Airport,San Antonio,United States
San Diego International Airport,San Diego,United States
San Francisco International Airport,San Francisco,United States
Sangster International Airport,Montego Bay,Jamaica
Seattle Tacoma International Airport,Seattle,United States
St Louis Lambert International Airport,St. Louis,United States
Theodore Francis Green State Airport,Providence,United States
Tucson International Airport,Tucson,United States
Tulsa International Airport,Tulsa,United States
Valley International Airport,Harlingen,United States
Will Rogers World Airport,Oklahoma City,United States
William P Hobby Airport,Houston,United States
Jose Joaquin de Olmedo International Airport,Guayaquil,Ecuador
Mariscal Lamar Airport,Cuenca,Ecuador
Mariscal Sucre International Airport,Quito,Ecuador
San Cristobal Airport,San Cristobal,Ecuador
Seymour Airport,Galapagos,Ecuador
Amilcar Cabral International Airport,Amilcar Cabral,Cape Verde
Amsterdam Airport Schiphol,Amsterdam,Netherlands
Humberto Delgado Airport (Lisbon Portela Airport),Lisbon,Portugal
Leopold Sedar Senghor International Airport,Dakar,Senegal
Maio Airport,Maio,Cape Verde
Pinto Martins International Airport,Fortaleza,Brazil
Praia International Airport,Praia,Cape Verde
Preguica Airport,Sao Nocolau Island,Cape Verde
Rabil Airport,Boa Vista,Cape Verde
Sao Filipe Airport,Sao Filipe,Cape Verde
Sao Pedro Airport,Sao Vicente Island,Cape Verde
Ben Gurion International Airport,Tel-aviv,Israel
Cologne Bonn Airport,Cologne,Germany
Donetsk International Airport,Donetsk,Ukraine
Dortmund Airport,Dortmund,Germany
Girona Airport,Gerona,Spain
Il Caravaggio International Airport,Bergamo,Italy
Katowice International Airport,Katowice,Poland
Kharkiv International Airport,Kharkov,Ukraine
Kiev Zhuliany International Airport,Kiev,Ukraine
Kopitnari Airport,Kutaisi,Georgia
Larnaca International Airport,Larnaca,Cyprus
Leonardo da Vinci Fiumicino Airport,Rome,Italy
Lviv International Airport,Lvov,Ukraine
Memmingen Allgau Airport,Memmingen,Germany
Naples International Airport,Naples,Italy
Treviso-Sant'Angelo Airport,Treviso,Italy
Valencia Airport,Valencia,Spain
Vilnius International Airport,Vilnius,Lithuania
Adelaide International Airport,Adelaide,Australia
Albury Airport,Albury,Australia
Armidale Airport,Armidale,Australia
Ballina Byron Gateway Airport,Ballina Byron Bay,Australia
Bathurst Airport,Bathurst,Canada
Broken Hill Airport,Broken Hill,Australia
Ceduna Airport,Ceduna,Australia
Coober Pedy Airport,Coober Pedy,Australia
Dubbo City Regional Airport,Dubbo,Australia
Grafton Airport,Grafton,Australia
Griffith Airport,Griffith,Australia
Julia Creek Airport,Julia Creek,Australia
King Island Airport,King Island,Australia
Kingscote Airport,Kingscote,Australia
Lismore Airport,Lismore,Australia
Longreach Airport,Longreach,Australia
Merimbula Airport,Merimbula,Australia
Mildura Airport,Mildura,Australia
Moruya Airport,Moruya,Australia
Mount Gambier Airport,Mount Gambier,Australia
Mount Isa Airport,Mount Isa,Australia
Narrandera Airport,Narrandera,Australia
Newcastle Airport,Newcastle,United Kingdom
Orange Airport,Orange,Australia
Parkes Airport,Parkes,Australia
Port Lincoln Airport,Port Lincoln,Australia
Richmond Airport,Richmond,Australia
Taree Airport,Taree,Australia
Townsville Airport,Townsville,Australia
Wagga Wagga City Airport,Wagga Wagga,Australia
Whyalla Airport,Whyalla,Australia
Winton Airport,Winton,Australia
Wynyard Airport,Burnie,Australia
Addis Ababa Bole International Airport,Addis Ababa,Ethiopia
Aksu Airport,Aksu,China
Baita International Airport,Hohhot,China
Bao'anying Airport,Panzhihua,China
Baotou Airport,Baotou,China
Bayannur Tianjitai Airport,Bayannur,China
Beihai Airport,Beihai,China
Changsha Huanghua International Airport,Changcha,China
Changzhi Airport,Changzhi,China
Changzhou Benniu Airport,Changzhou,China
Chaoyang Airport,Chaoyang,China
Chifeng Airport,Chifeng,China
Chongqing Jiangbei International Airport,Chongqing,China
Dachuan Airport,Dazhou,China
Dandong Airport,Dandong,China
Daocheng Yading Airport,Daocheng,China
Datong Airport,Datong,China
Dayong Airport,Dayong,China
Dongshan Airport,Hailar,China
Fuyang Xiguan Airport,Fuyang,China
Ganzhou Airport,Ganzhou,China
Guangyuan Airport,Guangyuan,China
Guilin Liangjiang International Airport,Guilin,China
Haikou Meilan International Airport,Haikou,China
Hami Airport,Hami,China
Hefei Luogang International Airport,Hefei,China
Hotan Airport,Hotan,China
Huangyan Luqiao Airport,Huangyan,China
Jiamusi Airport,Jiamusi,China
Jieyang Chaoshan International Airport,Shantou,China
Jingdezhen Airport,Jingdezhen,China
Jinggangshan Airport,Jian,China
Jiuzhai Huanglong Airport,Jiuzhaigou,China
Kashgar Airport,Kashi,China
Korla Airport,Korla,China
Kunming Changshui International Airport,Kunming,China
Lanzhou Zhongchuan Airport,Lanzhou,China
Lhasa Gonggar Airport,Lhasa,China
Lijiang Airport,Lijiang,China
Liuting Airport,Qingdao,China
Liuzhou Bailian Airport,Liuzhou,China
Longdongbao Airport,Guiyang,China
Longjia Airport,Changchun,China
Luzhou Airport,Luzhou,China
Macau International Airport,Macau,Macau
Mianyang Airport,Mianyang,China
Mudanjiang Hailang International Airport,Mudanjiang,China
Nanchang Changbei International Airport,Nanchang,China
Nanjing Lukou Airport,Nanjing,China
Nanning Wuxu Airport,Nanning,China
Ningbo Lishe International Airport,Ninbo,China
Nyingchi Airport,Nyingchi,China
Ordos Ejin Horo Airport,Dongsheng,China
Qamdo Bangda Airport,Bangda,China
Qiqihar Sanjiazi Airport,Qiqihar,China
Quanzhou Jinjiang International Airport,Quanzhou,China
Quzhou Airport,Quzhou,China
Saertu Airport,Daqing,China
Sanya Phoenix International Airport,Sanya,China
Shanghai Hongqiao International Airport,Shanghai,China
Shenzhen Bao'an International Airport,Shenzhen,China
Shubuling Airport,Linyi,China
Sunan Shuofang International Airport,Wuxi,China
Taiping Airport,Harbin,China
Taiyuan Wusu Airport,Taiyuan,China
Taoxian Airport,Shenyang,China
Tianjin Binhai International Airport,Tianjin,China
Tongliao Airport,Tongliao,China
Tunxi International Airport,Huangshan,China
Ulanhot Airport,Ulanhot,China
Urumqi Diwopu International Airport,Urumqi,China
Wanxian Airport,Wanxian,China
Wuhai Airport,Wuhai,China
Wuhan Tianhe International Airport,Wuhan,China
Xi'an Xianyang International Airport,Xi'an,China
Xiangyang Liuji Airport,Xiangfan,China
Xichang Qingshan Airport,Xichang,China
Xilinhot Airport,Xilinhot,China
Xining Caojiabu Airport,Xining,China
Xishuangbanna Gasa Airport,Jinghonggasa,China
Yancheng Airport,Yancheng,China
Yangzhou Taizhou Airport,Yangzhou,China
Yanji Chaoyangchuan Airport,Yanji,China
Yantai Laishan Airport,Yantai,China
Yaoqiang Airport,Jinan,China
Yibin Caiba Airport,Yibin,China
Yichang Sanxia Airport,Yichang,China
Yichun Mingyueshan Airport,Yichun,China
Yining Airport,Yining,China
Yiwu Airport,Yiwu,China
Yulin Yuyang Airport,Yulin,China
Yuncheng Guangong Airport,Yuncheng,China
Zhanjiang Airport,Zhanjiang,China
Zhengzhou Xinzheng International Airport,Zhengzhou,China
Zhoushan Airport,Zhoushan,China
Zhoushuizi Airport,Dalian,China
Zhuhai Jinwan Airport,Zhuhai,China
Zunyi Xinzhou Airport,Zunyi,China
Antalya International Airport,Antalya,Turkey
Astana International Airport,Tselinograd,Kazakhstan
Barcelona International Airport,Barcelona,Spain
Belgrade Nikola Tesla Airport,Belgrade,Serbia
Berlin-Tegel Airport,Berlin,Germany
Bologna Guglielmo Marconi Airport,Bologna,Italy
Boryspil International Airport,Kiev,Ukraine
Brussels Airport,Brussels,Belgium
Budapest Liszt Ferenc International Airport,Budapest,Hungary
Cairo International Airport,Cairo,Egypt
Catania-Fontanarossa Airport,Catania,Italy
Chania International Airport,Chania,Greece
Chisinau International Airport,Chisinau,Moldova
Cluj-Napoca International Airport,Cluj-napoca,Romania
Copenhagen Kastrup Airport,Copenhagen,Denmark
Dalaman International Airport,Dalaman,Turkey
Diagoras Airport,Rhodos,Greece
Dnipropetrovsk International Airport,Dnepropetrovsk,Ukraine
Dubai International Airport,Dubai,United Arab Emirates
Dubrovnik Airport,Dubrovnik,Croatia
Dusseldorf Airport,Duesseldorf,Germany
Eleftherios Venizelos International Airport,Athens,Greece
Erbil International Airport,Erbil,Iraq
EuroAirport Basel-Mulhouse-Freiburg Airport,Mulhouse,France
Falcone Borsellino Airport,Palermo,Italy
Geneva Cointrin International Airport,Geneva,Switzerland
Gran Canaria Airport,Gran Canaria,Spain
Graz Airport,Graz,Austria
Hamburg Airport,Hamburg,Germany
Hannover Airport,Hannover,Germany
Henri Coanda International Airport,Bucharest,Romania
Heraklion International Nikos Kazantzakis Airport,Heraklion,Greece
Heydar Aliyev International Airport,Baku,Azerbaijan
Hurghada International Airport,Hurghada,Egypt
Iasi Airport,Iasi,Romania
Imam Khomeini International Airport,Tehran,Iran
Indira Gandhi International Airport,Delhi,India
Innsbruck Airport,Innsbruck,Austria
Istanbul Airport,Istanbul,Turkey
Klagenfurt Airport,Klagenfurt,Austria
Kosice Airport,Kosice,Slovakia
Krakow John Paul II International Airport,Krakow,Poland
Krasnodar Pashkovsky International Airport,Krasnodar,Russia
Lamezia Terme Airport,Lamezia,Italy
Leipzig/Halle Airport,Leipzig,Germany
Linz Horsching Airport,Linz,Austria
Ljubljana Joze Pucnik Airport,Ljubljana,Slovenia
London Heathrow Airport,London,United Kingdom
Luxembourg-Findel International Airport,Luxemburg,Luxembourg
Lyon Saint-Exupery Airport,Lyon,France
Madeira Airport,Funchal,Portugal
Malpensa International Airport,Milano,Italy
Malta International Airport,Malta,Malta
Minsk National Airport,Minsk 2,Belarus
Munich Airport,Munich,Germany
Nice-Cote d'Azur Airport,Nice,France
Odessa International Airport,Odessa,Ukraine
Olbia Costa Smeralda Airport,Olbia,Italy
Oslo Lufthavn,Oslo,Norway
Palma De Mallorca Airport,Palma de Mallorca,Spain
Peretola Airport,Florence,Italy
Platov International Airport,Rostov,Russia
Podgorica Airport,Podgorica,Montenegro
Pristina International Airport,Pristina,Serbia
Pulkovo Airport,St. Petersburg,Russia
Queen Alia International Airport,Amman,Jordan
Riga International Airport,Riga,Latvia
Salzburg Airport,Salzburg,Austria
Santorini Airport,Thira,Greece
Sarajevo International Airport,Sarajevo,Bosnia and Herzegovina
Sibiu International Airport,Sibiu,Romania
Skopje Alexander the Great Airport,Skopje,Macedonia
Sofia Airport,Sofia,Bulgaria
Split Airport,Split,Croatia
Stockholm-Arlanda Airport,Stockholm,Sweden
Stuttgart Airport,Stuttgart,Germany
Tbilisi International Airport,Tbilisi,Georgia
Tenerife South Airport,Tenerife,Spain
Thessaloniki Macedonia International Airport,Thessaloniki,Greece
Tirana International Airport Mother Teresa,Tirana,Albania
Vaclav Havel Airport Prague,Prague,Czech Republic
Varna Airport,Varna,Bulgaria
Venice Marco Polo Airport,Venice,Italy
Vienna International Airport,Vienna,Austria
Vnukovo International Airport,Moscow,Russia
Warsaw Chopin Airport,Warsaw,Poland
Washington Dulles International Airport,Washington,United States
Zagreb Airport,Zagreb,Croatia
Zurich Airport,Zurich,Switzerland
Zvartnots International Airport,Yerevan,Armenia
Almaty Airport,Alma-ata,Kazakhstan
Atyrau Airport,Atyrau,Kazakhstan
Uralsk Airport,Uralsk,Kazakhstan
Ain Arnat Airport,Setif,Algeria
Biskra Airport,Biskra,Algeria
Djerba Zarzis International Airport,Djerba,Tunisia
Es Senia Airport,Oran,Algeria
Faro Airport,Faro,Portugal
Francisco de Sa Carneiro Airport,Porto,Portugal
Houari Boumediene Airport,Algier,Algeria
Lille-Lesquin Airport,Lille,France
Marseille Provence Airport,Marseille,France
Modibo Keita International Airport,Bamako,Mali
Mohamed Boudiaf International Airport,Constantine,Algeria
Paris-Orly Airport,Paris,France
Rabah Bitat Airport,Annaba,Algeria
Soummam Airport,Bejaja,Algeria
Toulouse-Blagnac Airport,Toulouse,France
Zenata Messali El Hadj Airport,Tlemcen,Algeria
Bagan Airport,Bagan,Burma
Chiang Mai International Airport,Chiang Mai,Thailand
Heho Airport,Heho,Burma
Kengtung Airport,Kengtung,Burma
Kyaukpyu Airport,Kyaukpyu,Burma
Mandalay International Airport,Mandalay,Burma
Myitkyina Airport,Myitkyina,Burma
Putao Airport,Putao,Burma
Sittwe Airport,Sittwe,Burma
Tachileik Airport,Tachilek,Burma
Auckland International Airport,Auckland,New Zealand
Bahrain International Airport,Bahrain,Bahrain
Bandaranaike International Colombo Airport,Colombo,Sri Lanka
Brisbane International Airport,Brisbane,Australia
Cairns International Airport,Cairns,Australia
Chennai International Airport,Madras,India
Chhatrapati Shivaji International Airport,Mumbai,India
Hamad International Airport,Doha,Qatar
Hazrat Shahjalal International Airport,Dhaka,Bangladesh
Jeju International Airport,Cheju,South Korea
Jinnah International Airport,Karachi,Pakistan
Juanda International Airport,Surabaya,Indonesia
Kempegowda International Airport,Bangalore,India
Khabarovsk-Novy Airport,Khabarovsk,Russia
King Khaled International Airport,Riyadh,Saudi Arabia
Kota Kinabalu International Airport,Kota Kinabalu,Malaysia
Krabi Airport,Krabi,Thailand
Mactan Cebu International Airport,Cebu,Philippines
Male International Airport,Male,Maldives
Nadi International Airport,Nandi,Fiji
Naha Airport,Okinawa,Japan
Netaji Subhash Chandra Bose International Airport,Kolkata,India
New Chitose Airport,Sapporo,Japan
Newark Liberty International Airport,Newark,United States
Ngurah Rai (Bali) International Airport,Denpasar,Indonesia
OR Tambo International Airport,Johannesburg,South Africa
Penang International Airport,Penang,Malaysia
Perth International Airport,Perth,Australia
Phuket International Airport,Phuket,Thailand
Rajiv Gandhi International Airport,Hyderabad,India
Samui Airport,Ko Samui,Thailand
Tokyo Haneda International Airport,Tokyo,Japan
Tribhuvan International Airport,Kathmandu,Nepal
Vladivostok International Airport,Vladivostok,Russia
Dushanbe Airport,Dushanbe,Tajikistan
Kazan International Airport,Kazan,Russia
Koltsovo Airport,Yekaterinburg,Russia
Surgut Airport,Surgut,Russia
Tolmachevo Airport,Novosibirsk,Russia
Yemelyanovo Airport,Krasnoyarsk,Russia
Chevery Airport,Chevery,Canada
Goose Bay Airport,Goose Bay,Canada
Hopedale Airport,Hopedale,Canada
Kegaska Airport,Kegaska,Canada
La Romaine Airport,La Romaine,Canada
La Tabatiare Airport,La Tabatiare,Canada
Lourdes de Blanc Sablon Airport,Lourdes-De-Blanc-Sablon,Canada
Makkovik Airport,Makkovik,Canada
Nain Airport,Nain,Canada
Natashquan Airport,Natashquan,Canada
Natuashish Airport,Natuashish,Canada
Postville Airport,Postville,Canada
Rigolet Airport,Rigolet,Canada
St Augustin Airport,St-Augustin,Canada
Tete-a-la-Baleine Airport,Tete-a-la-Baleine,Canada
Beloyarskiy Airport,Beloyarsky,Russia
Nadym Airport,Nadym,Russia
Novy Urengoy Airport,Novy Urengoy,Russia
Nukus Airport,Nukus,Uzbekistan
Roshchino International Airport,Tyumen,Russia
Sovetskiy Airport,Sovetskiy,Russia
Ufa International Airport,Ufa,Russia
Ukhta Airport,Ukhta,Russia
Ajaccio-Napoleon Bonaparte Airport,Ajaccio,France
Ancona Falconara Airport,Ancona,Italy
Asturias Airport,Aviles,Spain
Bari Karol Wojtyla Airport,Bari,Italy
Bastia-Poretta Airport,Bastia,France
Biarritz-Anglet-Bayonne Airport,Biarritz-bayonne,France
Bilbao Airport,Bilbao,Spain
Bordeaux-Merignac Airport,Bordeaux,France
Brest Bretagne Airport,Brest,France
Caen-Carpiquet Airport,Caen,France
Calvi-Sainte-Catherine Airport,Calvi,France
Figari Sud-Corse Airport,Figari,France
Fuerteventura Airport,Fuerteventura,Spain
Genoa Cristoforo Colombo Airport,Genoa,Italy
Lampedusa Airport,Lampedusa,Italy
Malaga Airport,Malaga,Spain
Montpellier-Mediterranee Airport,Montpellier,France
Nantes Atlantique Airport,Nantes,France
Pantelleria Airport,Pantelleria,Italy
Perpignan-Rivesaltes Airport,Perpignan,France
Reggio Calabria Airport,Reggio Calabria,Italy
Strasbourg Airport,Strasbourg,France
Turin Airport,Torino,Italy
Verona Villafranca Airport,Villafranca,Italy
Antwerp International Airport (Deurne),Antwerp,Belgium
Brive Souillac Airport,Brive,France
Cardiff International Airport,Cardiff,United Kingdom
Deauville-Saint-Gatien Airport,Deauville,France
Dresden Airport,Dresden,Germany
Dublin Airport,Dublin,Ireland
Edinburgh Airport,Edinburgh,United Kingdom
Glasgow International Airport,Glasgow,United Kingdom
Jersey Airport,Jersey,Jersey
London City Airport,London,United Kingdom
Rotterdam The Hague Airport,Rotterdam,Netherlands
Abeid Amani Karume International Airport,Zanzibar,Tanzania
Aberdeen Dyce Airport,Aberdeen,United Kingdom
Adnan Menderes International Airport,Izmir,Turkey
Afonso Pena Airport,Curitiba,Brazil
Alfonso Bonilla Aragon International Airport,Cali,Colombia
Ashgabat International Airport,Ashkhabad,Turkmenistan
Beirut Rafic Hariri International Airport,Beirut,Lebanon
Belfast International Airport,Belfast,United Kingdom
Bergen Airport Flesland,Bergen,Norway
Billund Airport,Billund,Denmark
Birmingham International Airport,Birmingham,United Kingdom
Bremen Airport,Bremen,Germany
Bujumbura International Airport,Bujumbura,Burundi
Cadjehoun Airport,Cotonou,Benin
Cagliari Elmas Airport,Cagliari,Italy
Conakry International Airport,Conakry,Guinea
Copernicus Wroclaw Airport,Wroclaw,Poland
Douala International Airport,Douala,Cameroon
El Dorado International Airport,Bogota,Colombia
Entebbe International Airport,Entebbe,Uganda
Esenboga International Airport,Ankara,Turkey
Friedrichshafen Airport,Friedrichshafen,Germany
Gdansk Lech Walesa Airport,Gdansk,Poland
George Bush Intercontinental Houston Airport,Houston,United States
Gothenburg-Landvetter Airport,Gothenborg,Sweden
Guarulhos - Governador Andre Franco Montoro International Airport,Sao Paulo,Brazil
Helsinki Vantaa Airport,Helsinki,Finland
Ibiza Airport,Ibiza,Spain
Julius Nyerere International Airport,Dar Es Salaam,Tanzania
Kalamata Airport,Kalamata,Greece
Kenneth Kaunda International Airport Lusaka,Lusaka,Zambia
Kigali International Airport,Kigali,Rwanda
Kilimanjaro International Airport,Kilimanjaro,Tanzania
King Abdulaziz International Airport,Jeddah,Saudi Arabia
King Fahd International Airport,Dammam,Saudi Arabia
Kotoka International Airport,Accra,Ghana
Kurumoch International Airport,Samara,Russia
Kuwait International Airport,Kuwait,Kuwait
Lennart Meri Tallinn Airport,Tallinn-ulemiste International,Estonia
Licenciado Benito Juarez International Airport,Mexico City,Mexico
Lome-Tokoin Airport,Lome,Togo
Lungi International Airport,Freetown,Sierra Leone
Malabo Airport,Malabo,Equatorial Guinea
Manchester Airport,Manchester,United Kingdom
Milano Linate Airport,Milan,Italy
Ministro Pistarini International Airport,Buenos Aires,Argentina
Mohammed V International Airport,Casablanca,Morocco
Munster Osnabruck Airport,Munster,Germany
Murtala Muhammed International Airport,Lagos,Nigeria
Muscat International Airport,Muscat,Oman
Ndjili International Airport,Kinshasa,Democratic Republic of Congo
Nizhny Novgorod Strigino International Airport,Nizhniy Novgorod,Russia
Nnamdi Azikiwe International Airport,Abuja,Nigeria
Nuremberg Airport,Nuernberg,Germany
Ouagadougou Airport,Ouagadougou,Burkina Faso
Paderborn Lippstadt Airport,Paderborn,Germany
Pisa International Airport,Pisa,Italy
Port Bouet Airport,Abidjan,Cote d'Ivoire
Port Harcourt International Airport,Port Hartcourt,Nigeria
Poznan-Lawica Airport,Poznan,Poland
Quatro de Fevereiro Airport,Luanda,Angola
Rio Galeo Tom Jobim International Airport,Rio De Janeiro,Brazil
Robert Gabriel Mugabe International Airport,Harare,Zimbabwe
Roberts International Airport,Monrovia,Liberia
Rostock-Laage Airport,Laage,Germany
Rzeszow-Jasionka Airport,Rzeszow,Poland
Saarbrucken Airport,Saarbruecken,Germany
Shannon Airport,Shannon,Ireland
Simon Bolivar International Airport,Santa Marta,Colombia
St. John's International Airport,St. John's,Canada
Stavanger Airport Sola,Stavanger,Norway
Timisoara Traian Vuia Airport,Timisoara,Romania
Trieste Friuli Venezia Giulia Airport,Ronchi De Legionari,Italy
Tromso Airport,Tromso,Norway
Tunis Carthage International Airport,Tunis,Tunisia
Westerland Sylt Airport,Westerland,Germany
Yaounde Nsimalen International Airport,Yaounde,Cameroon
Zadar Airport,Zadar,Croatia
Douglas-Charles Airport,Dominica,Dominica
Princess Juliana International Airport,Philipsburg,Netherlands Antilles
Terrance B. Lettsome International Airport,Tortola,British Virgin Islands
Barreiras Airport,Barreiras,Brazil
Deputado Luiz Eduardo Magalhaes International Airport,Salvador,Brazil
Ji-Parana Airport,Ji-Parana,Brazil
Leite Lopes Airport,Ribeirao Preto,Brazil
Marechal Rondon Airport,Cuiaba,Brazil
Pampulha - Carlos Drummond de Andrade Airport,Belo Horizonte,Brazil
Presidente Juscelino Kubistschek International Airport,Brasilia,Brazil
Prof. Eribelto Manoel Reino State Airport,Sao Jose Do Rio Preto,Brazil
Santa Genoveva Airport,Goiania,Brazil
Santos Dumont Airport,Rio De Janeiro,Brazil
Ten. Cel. Aviador Cesar Bombonato Airport,Uberlandia,Brazil
Vitoria da Conquista Airport,Vitoria Da Conquista,Brazil
Cox's Bazar Airport,Cox's Bazar,Bangladesh
Jessore Airport,Jessore,Bangladesh
Osmany International Airport,Sylhet Osmani,Bangladesh
Shah Amanat International Airport,Chittagong,Bangladesh
Abha Regional Airport,Abha,Saudi Arabia
Abu Simbel Airport,Abu Simbel,Egypt
Asmara International Airport,Asmara,Eritrea
Assiut International Airport,Asyut,Egypt
Aswan International Airport,Aswan,Egypt
Baghdad International Airport,Baghdad,Iraq
Benina International Airport,Benghazi,Libya
Berlin-Schonefeld Airport,Berlin,Germany
Borg El Arab International Airport,Alexandria,Egypt
Gassim Airport,Gassim,Saudi Arabia
Juba International Airport,Juba,South Sudan
Khartoum International Airport,Khartoum,Sudan
Luxor International Airport,Luxor,Egypt
Mallam Aminu International Airport,Kano,Nigeria
Marsa Alam International Airport,Marsa Alam,Egypt
Prince Mohammad Bin Abdulaziz Airport,Madinah,Saudi Arabia
Sana'a International Airport,Sanaa,Yemen
Sharjah International Airport,Sharjah,United Arab Emirates
Sharm El Sheikh International Airport,Sharm El Sheikh,Egypt
Sohag International Airport,Sohag,Egypt
Tripoli International Airport,Tripoli,Libya
Adana Airport,Adana,Turkey
Diyarbakir Airport,Diyabakir,Turkey
Gaziantep International Airport,Gaziantep,Turkey
Kayseri Erkilet Airport,Kayseri,Turkey
Sabiha Gokcen International Airport,Istanbul,Turkey
Trabzon International Airport,Trabzon,Turkey
London Gatwick Airport,London,United Kingdom
Tivat Airport,Tivat,Montenegro
Ketchikan International Airport,Ketchikan,United States
Metlakatla Seaplane Base,Metakatla,United States
Al Maktoum International Airport,Dubai,United Arab Emirates
Alesund Airport,Alesund,Norway
Alghero-Fertilia Airport,Alghero,Italy
Arad International Airport,Arad,Romania
Brussels South Charleroi Airport,Charleroi,Belgium
Burgas Airport,Bourgas,Bulgaria
Ciampino G. B. Pastine International Airport,Rome,Italy
Craiova Airport,Craiova,Romania
Cuneo International Airport,Cuneo,Italy
Debrecen International Airport,Debrecen,Hungary
Eindhoven Airport,Eindhoven,Netherlands
Frankfurt-Hahn Airport,Hahn,Germany
Gothenburg City Airport,Gothenborg,Sweden
Haugesund Airport,Haugesund,Norway
Kristiansand Airport,Kristiansand,Norway
Liverpool John Lennon Airport,Liverpool,United Kingdom
London Luton Airport,London,United Kingdom
Lublin Airport,Lublin,Poland
Luebeck Blankensee Airport,Luebeck,Germany
Malmoe Sturup Airport,Malmoe,Sweden
Paris Beauvais Tille Airport,Beauvais,France
Perugia San Francesco d'Assisi Umbria International Airport,Perugia,Italy
Robin Hood Doncaster Sheffield Airport,Sheffield,United Kingdom
Sandefjord Airport,Sandefjord,Norway
Stockholm Skavsta Airport,Stockholm,Sweden
Szczecin-Goleni Airport,Szczecin,Poland
Transilvania Tirgu Mures International Airport,Tirgu Mures,Romania
Trondheim Airport,Trondheim,Norway
Turku Airport,Turku,Finland
Tuzla International Airport,Null,Bosnia and Herzegovina
Zaragoza Air Base,Zaragoza,Spain
Licenciado Gustavo Diaz Ordaz International Airport,Puerto Vallarta,Mexico
Los Cabos International Airport,San Jose Del Cabo,Mexico
Batumi International Airport,Batumi,Georgia
Belbek Airport,Sevastopol,Ukraine
Ivano-Frankivsk International Airport,Ivano-Frankivsk,Ukraine
Abraham Gonzalez International Airport,Ciudad Juarez,Mexico
Amado Nervo National Airport,Tepic,Mexico
Angel Albino Corzo International Airport,Tuxtla Gutierrez,Mexico
Bachigualato Federal International Airport,Culiacan,Mexico
Ciudad Obregon International Airport,Ciudad Obregon,Mexico
Del Bajio International Airport,Del Bajio,Mexico
Don Miguel Hidalgo Y Costilla International Airport,Guadalajara,Mexico
Fresno Yosemite International Airport,Fresno,United States
General Abelardo L. Rodriguez International Airport,Tijuana,Mexico
General Francisco J. Mujica International Airport,Morelia,Mexico
General Heriberto Jara International Airport,Vera Cruz,Mexico
General Ignacio P. Garcia International Airport,Hermosillo,Mexico
General Juan N Alvarez International Airport,Acapulco,Mexico
General Leobardo C. Ruiz International Airport,Zacatecas,Mexico
General Mariano Escobedo International Airport,Monterrey,Mexico
General Rafael Buelna International Airport,Mazatlan,Mexico
General Roberto Fierro Villalobos International Airport,Chihuahua,Mexico
General Rodolfo Sanchez Taboada International Airport,Mexicali,Mexico
Hermanos Serdan International Airport,Puebla,Mexico
Jesus Teran Paredo International Airport,Aguascalientes,Mexico
Licenciado Adolfo Lopez Mateos International Airport,Toluca,Mexico
Licenciado Manuel Crescencio Rejon Int Airport,Merida,Mexico
Licenciado Miguel de la Madrid Airport,Colima,Mexico
Licenciado y General Ignacio Lopez Rayon Airport,Uruapan,Mexico
Manuel Marquez de Leon International Airport,La Paz,Mexico
Playa De Oro International Airport,Manzanillo,Mexico
Ponciano Arriaga International Airport,San Luis Potosi,Mexico
Queretaro Intercontinental Airport,Queretaro,Mexico
Valle del Fuerte International Airport,Los Mochis,Mexico
Xoxocotlan International Airport,Oaxaca,Mexico
Daniel Z. Romualdez Airport,Tacloban,Philippines
Kalibo International Airport,Kalibo,Philippines
Miri Airport,Miri,Malaysia
Puerto Princesa Airport,Puerto Princesa,Philippines
Tagbilaran Airport,Tagbilaran,Philippines
Barnaul Airport,Barnaul,Russia
Kogalym International Airport,Kogalym,Russia
Nizhnevartovsk Airport,Nizhnevartovsk,Russia
Noyabrsk Airport,Noyabrsk,Russia
Nyagan Airport,Nyagan,Russia
Salekhard Airport,Salekhard,Russia
A Coruna Airport,La Coruna,Spain
Aalborg Airport,Aalborg,Denmark
Alicante International Airport,Alicante,Spain
Almeria International Airport,Almeria,Spain
Banjul International Airport,Banjul,Gambia
Federico Garcia Lorca Airport,Granada,Spain
Ibn Batouta Airport,Tanger,Morocco
Jerez Airport,Jerez,Spain
Lanzarote Airport,Arrecife,Spain
Menara Airport,Marrakech,Morocco
Menorca Airport,Menorca,Spain
Nador International Airport,El Aroui,Morocco
Rabat-Sale Airport,Rabat,Morocco
Rennes-Saint-Jacques Airport,Rennes,France
Saiss Airport,Fes,Morocco
San Sebastian Airport,San Sebastian,Spain
Santander Airport,Santander,Spain
Santiago de Compostela Airport,Santiago,Spain
Sevilla Airport,Sevilla,Spain
Tenerife Norte Airport,Tenerife,Spain
Valladolid Airport,Valladolid,Spain
Vigo Airport,Vigo,Spain
Alama Iqbal International Airport,Lahore,Pakistan
Albany Airport,Albany,Australia
Ayers Rock Connellan Airport,Uluru,Australia
Broome International Airport,Broome,Australia
Bundaberg Airport,Bundaberg,Australia
Busselton Regional Airport,Brusselton,Australia
Canberra International Airport,Canberra,Australia
Cape Town International Airport,Cape Town,South Africa
Christchurch International Airport,Christchurch,New Zealand
Christmas Island Airport,Christmas Island,Christmas Island
Cloncurry Airport,Cloncurry,Australia
Cocos (Keeling) Islands Airport,Cocos Keeling Island,Cocos (Keeling) Islands
Coffs Harbour Airport,Coff's Harbour,Australia
Cozumel International Airport,Cozumel,Mexico
Daniel K Inouye International Airport,Honolulu,United States
Darwin International Airport,Darwin,Australia
Emerald Airport,Emerald,Australia
Esperance Airport,Esperance,Australia
Geraldton Airport,Geraldton,Australia
Gladstone Airport,Gladstone,Australia
Gold Coast Airport,Coolangatta,Australia
Hervey Bay Airport,Hervey Bay,Australia
Hobart International Airport,Hobart,Australia
Kalgoorlie Boulder Airport,Kalgoorlie,Australia
Karratha Airport,Karratha,Australia
Kununurra Airport,Kununurra,Australia
Launceston Airport,Launceston,Australia
Learmonth Airport,Learmonth,Australia
Mackay Airport,Mackay,Australia
Moranbah Airport,Moranbah,Australia
New Islamabad International Airport,Islamabad,Pakistan
Newman Airport,Newman,Australia
Paraburdoo Airport,Paraburdoo,Australia
Peshawar International Airport,Peshawar,Pakistan
Port Hedland International Airport,Port Hedland,Australia
Port Macquarie Airport,Port Macquarie,Australia
Proserpine Whitsunday Coast Airport,Prosserpine,Australia
RAAF Base Curtin,Derby,Australia
Ravensthorpe Airport,Ravensthorpe,Australia
Rockhampton Airport,Rockhampton,Australia
Wellington International Airport,Wellington,New Zealand
Kahului Airport,Kahului,United States
Lanai Airport,Lanai,United States
Lihue Airport,Lihue,United States
Anglesey Airport,Angelsey,United Kingdom
Isle of Man Airport,Isle Of Man,Isle of Man
Hagfors Airport,Hagfors,Sweden
Keflavik International Airport,Keflavik,Iceland
Kristianstad Airport,Kristianstad,Sweden
Kuressaare Airport,Kuressaare,Estonia
Lulea Airport,Lulea,Sweden
Mannheim-City Airport,Mannheim,Germany
Melilla Airport,Melilla,Spain
Mora Airport,Mora,Sweden
Pajala Airport,Pajala,Sweden
Pori Airport,Pori,Finland
Sulaymaniyah International Airport,Sulaymaniyah,Iraq
Sveg Airport,Sveg,Sweden
Torsby Airport,Torsby,Sweden
Vinnytsia/Gavyryshivka Airport,Vinnitsa,Ukraine
Clayton J Lloyd International Airport,The Valley,Anguilla
F. D. Roosevelt Airport,Oranjestad,Netherlands
Gustaf III Airport,Gustavia,France
Hato International Airport,Willemstad,Netherlands Antilles
Juancho E. Yrausquin Airport,Saba,Netherlands Antilles
Las Americas International Airport,Santo Domingo,Dominican Republic
Pointe-a-Pitre Le Raizet,Pointe-a-pitre,Guadeloupe
Robert L. Bradshaw International Airport,Basse Terre,Saint Kitts and Nevis
Vance W. Amory International Airport,Charlestown,Saint Kitts and Nevis
Akanu Ibiam International Airport,Enugu,Nigeria
Akwa Ibom International Airport,Uyo,Nigeria
Asaba International Airport,Asaba,Nigeria
Benin Airport,Benin,Nigeria
Gombe Lawanti International Airport,Gombe,Nigeria
Ibadan Airport,Ibadan,Nigeria
Ilorin International Airport,Ilorin,Nigeria
Kaduna Airport,Kaduna,Nigeria
Margaret Ekpo International Airport,Calabar,Nigeria
Sadiq Abubakar III International Airport,Sokoto,Nigeria
Sam Mbakwe International Airport,Imo,Nigeria
Warri Airport,Osubi,Nigeria
Yakubu Gowon Airport,Jos,Nigeria
Yola Airport,Yola,Nigeria
Carlos Rovirosa Perez International Airport,Villahermosa,Mexico
Francisco Sarabia International Airport,Torreon,Mexico
General Francisco Javier Mina International Airport,Tampico,Mexico
General Lucio Blanco International Airport,Reynosa,Mexico
Puerto Escondido International Airport,Puerto Escondido,Mexico
Liege Airport,Liege,Belgium
Saint-Etienne-Boutheon Airport,St-Etienne,France
Al Massira Airport,Agadir,Morocco
East Midlands Airport,East Midlands,United Kingdom
Enfidha - Hammamet International Airport,Enfidha,Tunisia
Gibraltar Airport,Gibraltar,Gibraltar
Leeds Bradford Airport,Leeds,United Kingdom
Milas Bodrum International Airport,Bodrum,Turkey
Paphos International Airport,Paphos,Cyprus
Whitehorse / Erik Nielsen International Airport,Whitehorse,Canada
Calicut International Airport,Calicut,India
Chaudhary Charan Singh International Airport,Lucknow,India
Cochin International Airport,Kochi,India
Jaipur International Airport,Jaipur,India
Khasab Air Base,Khasab,Oman
Salalah Airport,Salalah,Oman
Trivandrum International Airport,Trivandrum,India
El Lencero Airport,Jalapa,Mexico
El Tajin National Airport,Poza Rico,Mexico
General Pedro Jose Mendez International Airport,Ciudad Victoria,Mexico
General Servando Canales International Airport,Matamoros,Mexico
Ixtapa Zihuatanejo International Airport,Zihuatanejo,Mexico
Lazard Cardenas Airport,Lazard Cardenas,Mexico
Mc Allen Miller International Airport,Mcallen,United States
Piedras Negras International Airport,Piedras Negras,Mexico
Bahias de Huatulco International Airport,Huatulco,Mexico
Chetumal International Airport,Chetumal,Mexico
Ciudad del Carmen International Airport,Ciudad Del Carmen,Mexico
Coatzacoalcos National Airport,Minatitlan,Mexico
Ingeniero Alberto Acuna Ongay International Airport,Campeche,Mexico
John Wayne Airport-Orange County Airport,Santa Ana,United States
Jose Marti International Airport,Havana,Cuba
Juan Santamaria International Airport,San Jose,Costa Rica
La Aurora Airport,Guatemala City,Guatemala
Palenque International Airport,Palenque,Mexico
Cheyenne Regional Jerry Olson Field,Cheyenne,United States
Dodge City Regional Airport,Dodge City,United States
Liberal Mid-America Regional Airport,Liberal,United States
Mc Cook Ben Nelson Regional Airport,McCook,United States
Riverton Regional Airport,Riverton WY,United States
San Luis Valley Regional Bergman Field,Alamosa,United States
Sheridan County Airport,Sheridan,United States
Worland Municipal Airport,Worland,United States
Ahwaz Airport,Ahwaz,Iran
Bandar Abbas International Airport,Bandar Abbas,Iran
Esfahan Shahid Beheshti International Airport,Esfahan,Iran
Kish International Airport,Kish Island,Iran
Mahshahr Airport,Bandar Mahshahr,Iran
Mehrabad International Airport,Teheran,Iran
Tabriz International Airport,Tabriz,Iran
Alta Airport,Alta,Norway
Andoya Airport,Andoya,Norway
Banak Airport,Lakselv,Norway
Batsfjord Airport,Batsfjord,Norway
Berlevag Airport,Berlevag,Norway
Bodo Airport,Bodo,Norway
Bronnoysund Airport,Bronnoysund,Norway
Floro Airport,Floro,Norway
Hammerfest Airport,Hammerfest,Norway
Harstad/Narvik Airport,Evenes,Norway
Hasvik Airport,Hasvik,Norway
Kirkenes Airport,Kirkenes,Norway
Kristiansund Airport (Kvernberget),Kristiansund,Norway
Leknes Airport,Leknes,Norway
Mehamn Airport,Mehamn,Norway
Mo i Rana Airport, Rossvoll,Norway
Molde Airport,Molde,Norway
Mosjoen Airport,Mosjoen,Norway
Namsos Airport,Namsos,Norway
Narvik Framnes Airport,Narvik,Norway
Orsta-Volda Airport,Orsta-Volda,Norway
Roervik Airport,Roervik,Norway
Roros Airport,Roros,Norway
Rost Airport,Rost,Norway
Sandane Airport (Anda),Sandane,Norway
Sandnessjoen Airport,Sandnessjoen,Norway
Skien Airport,Skien,Norway
Sogndal Airport,Sogndal,Norway
Sorkjosen Airport,Sorkjosen,Norway
Stokmarknes Skagen Airport,Stokmarknes,Norway
Svolvar Helle Airport,Svolvar,Norway
Vadso Airport,Vadso,Norway
Valan Airport,Honningsvag,Norway
Vardo Airport,Vardo,Norway
Cheongju International Airport/Cheongju Air Base (K-59/G-513),Chongju,South Korea
Gimpo International Airport,Seoul,South Korea
Kunsan Air Base,Kunsan,South Korea
Taipei Songshan Airport,Taipei,Taiwan
Astrakhan Airport,Astrakhan,Russia
Begishevo Airport,Nizhnekamsk,Russia
Belgorod International Airport,Belgorod,Russia
Bugulma Airport,Bugulma,Russia
Chelyabinsk Balandino Airport,Chelyabinsk,Russia
Khrabrovo Airport,Kaliningrad,Russia
Mineralnyye Vody Airport,Mineralnye Vody,Russia
Sochi International Airport,Sochi,Russia
Taganrog Yuzhny Airport,Taganrog,Russia
Bodaybo Airport,Bodaibo,Russia
Bratsk Airport,Bratsk,Russia
Chita-Kadala Airport,Chita,Russia
Irkutsk Airport,Irkutsk,Russia
Kirensk Airport,Kirensk,Russia
Lensk Airport,Lensk,Russia
Mirny Airport,Mirnyj,Russia
Ust-Kut Airport,Ust-Kut,Russia
Yakutsk Airport,Yakutsk,Russia
Alejandro Velasco Astete International Airport,Cuzco,Peru
Alferez Fap David Figueroa Fernandini Airport,Huanuco,Peru
Cadete FAP Guillermo Del Castillo Paredes Airport,Tarapoto,Peru
Cap FAP David Abenzur Rengifo International Airport,Pucallpa,Peru
Coronel FAP Alfredo Mendivil Duarte Airport,Ayacucho,Peru
Coronel FAP Francisco Secada Vignetta International Airport,Iquitos,Peru
Jorge Chavez International Airport,Lima,Peru
Padre Aldamiz International Airport,Puerto Maldonado,Peru
Francisco De Orellana Airport,Coca,Ecuador
Brindisi Salento Airport,Brindisi,Italy
Bristol Airport,Bristol,United Kingdom
Arvidsjaur Airport,Arvidsjaur,Sweden
Gallivare Airport,Gallivare,Sweden
Halmstad Airport,Halmstad,Sweden
Hemavan Airport,Hemavan,Sweden
Joenkoeping Airport,Joenkoeping,Sweden
Karlstad Airport,Karlstad,Sweden
Kokkola-Pietarsaari Airport,Kruunupyy,Finland
Kramfors Solleftea Airport,Kramfors,Sweden
Lycksele Airport,Lycksele,Sweden
Mariehamn Airport,Mariehamn,Finland
Ornskoldsvik Airport,Ornskoldsvik,Sweden
Vaxjo Kronoberg Airport,Vaxjo,Sweden
Vilhelmina Airport,Vilhelmina,Sweden
Visby Airport,Visby,Sweden
Kodiak Airport,Kodiak,United States
Larsen Bay Airport,Larsen Bay,United States
Awang Airport,Cotabato,Philippines
Bancasi Airport,Butuan,Philippines
Basco Airport,Basco,Philippines
Catarman National Airport,Catarman,Philippines
General Santos International Airport,Romblon,Philippines
Godofredo P. Ramos Airport,Caticlan,Philippines
Labo Airport,Ozamis,Philippines
Laguindingan Airport,Cagayan de Oro City,Philippines
Legazpi City International Airport,Legazpi,Philippines
Roxas Airport,Roxas City,Philippines
Sibulan Airport,Dumaguete,Philippines
Surigao Airport,Sangley Point,Philippines
Tuguegarao Airport,Tuguegarao,Philippines
Zamboanga International Airport,Zamboanga,Philippines
Araguaina Airport,Araguaina,Brazil
Brigadeiro Lysias Rodrigues Airport,Palmas,Brazil
Campo Grande Airport,Campo Grande,Brazil
Cascavel Airport,Cascavel,Brazil
Dourados Airport,Dourados,Brazil
Mario de Almeida Franco Airport,Uberaba,Brazil
Presidente Joao Batista Figueiredo Airport,Sinop,Brazil
Osvaldo Vieira International Airport,Bissau,Guinea-Bissau
Aden Adde International Airport,Mogadishu,Somalia
Djibouti-Ambouli Airport,Djibouti,Djibouti
Marina Di Campo Airport,Marina Di Campo,Italy
St Gallen Altenrhein Airport,Altenrhein,Switzerland
Exuma International Airport,Great Exuma,Bahamas
Gainesville Regional Airport,Gainesville,United States
Governor's Harbour Airport,Governor's Harbor,Bahamas
Grand Bahama International Airport,Freeport,Bahamas
Greenbrier Valley Airport,Lewisburg,United States
Hattiesburg Laurel Regional Airport,Hattiesburg/Laurel,United States
Key Field,Meridian,United States
Key West International Airport,Key West,United States
Leonard M Thompson International Airport,Marsh Harbor,Bahamas
Mid Delta Regional Airport,Greenville,United States
Middle Georgia Regional Airport,Macon,United States
North Eleuthera Airport,North Eleuthera,Bahamas
Northwest Alabama Regional Airport,Muscle Shoals,United States
Pensacola Regional Airport,Pensacola,United States
South Bimini Airport,Alice Town,Bahamas
Tallahassee Regional Airport,Tallahassee,United States
Treasure Cay Airport,Treasure Cay,Bahamas
Tupelo Regional Airport,Tupelo,United States
Flamingo International Airport,Kralendijk,Netherlands Antilles
Josefa Camejo International Airport,Paraguana,Venezuela
La Chinita International Airport,Maracaibo,Venezuela
Bukhara Airport,Bukhara,Uzbekistan
Fergana International Airport,Fergana,Uzbekistan
Karshi Khanabad Airport,Khanabad,Uzbekistan
Namangan Airport,Namangan,Uzbekistan
Navoi Airport,Navoi,Uzbekistan
Samarkand Airport,Samarkand,Uzbekistan
Cayenne-Rochambeau Airport,Cayenne,French Guiana
George F. L. Charles Airport,Castries,Saint Lucia
L'Esperance Airport,St. Martin,Guadeloupe
Martinique Aime Cesaire International Airport,Fort-de-france,Martinique
V.C. Bird International Airport,Antigua,Antigua and Barbuda
Dunhuang Airport,Dunhuang,China
Gannan Xiahe Airport,Xiahe city,China
Handan Airport,Handan,China
Jiayuguan Airport,Jiayuguan,China
Mangshi Airport,Luxi,China
Manzhouli Xijiao Airport,Manzhouli,China
Qianjiang Wulingshan Airport,Qianjiang,China
Saipan International Airport,Saipan,Northern Mariana Islands
Shijiazhuang Daguocun International Airport,Shijiazhuang,China
Xuzhou Guanyin Airport,Xuzhou,China
Zhongwei Shapotou Airport,Zhongwei,China
Grise Fiord Airport,Grise Fiord,Canada
Resolute Bay Airport,Resolute,Canada
Hamid Karzai International Airport,Kabul,Afghanistan
Herat Airport,Herat,Afghanistan
Mazar I Sharif Airport,Mazar-i-sharif,Afghanistan
Arenal Airport,La Fortuna/San Carlos,Costa Rica
Augusto C. Sandino (Managua) International Airport,Managua,Nicaragua
Bocas Del Toro International Airport,Bocas Del Toro,Panama
Daniel Oduber Quiros International Airport,Liberia,Costa Rica
Drake Bay Airport,Puntarenas,Costa Rica
Golfito Airport,Golfito,Costa Rica
Puerto Jimenez Airport,Puerto Jimenez,Costa Rica
Quepos Managua Airport,Quepos,Costa Rica
Tambor Airport,Nicoya,Costa Rica
Tobias Bolanos International Airport,San Jose,Costa Rica
Kumasi Airport,Kumasi,Ghana
Bacolod-Silay Airport,Bacolod,Philippines
Brunei International Airport,Bandar Seri Begawan,Brunei
Camiguin Airport,Camiguin,Philippines
Cauayan Airport,Cauayan,Philippines
Diosdado Macapagal International Airport,Angeles City,Philippines
Dipolog Airport,Dipolog,Philippines
Francisco B. Reyes Airport,Busuanga,Philippines
Francisco Bangoy International Airport,Davao,Philippines
Iloilo International Airport,Iloilo,Philippines
Laoag International Airport,Laoag,Philippines
Naga Airport,Naga,Philippines
Pagadian Airport,Pagadian,Philippines
San Jose Airport,Mindoro,Philippines
Siargao Airport,Siargao,Philippines
Virac Airport,Virac,Philippines
Murmansk Airport,Murmansk,Russia
Naryan Mar Airport,Naryan-Mar,Russia
Sheremetyevo International Airport,Moscow,Russia
Solovki Airport,Solovetsky Islands,Russia
Syktyvkar Airport,Syktyvkar,Russia
Talagi Airport,Arkhangelsk,Russia
Usinsk Airport,Usinsk,Russia
Andres Sabella International Airport,Antofagasta,Chile
Carriel Sur Airport,Concepcion,Chile
Comodoro Arturo Merino Benitez International Airport,Santiago,Chile
Diego Aracena Airport,Iquique,Chile
Capitan Corbeta CA Curbelo International Airport,Punta del Este,Uruguay
Carrasco International /General C L Berisso Airport,Montevideo,Uruguay
Jorge Newbery Airpark,Buenos Aires,Argentina
Salgado Filho Airport,Porto Alegre,Brazil
Silvio Pettirossi International Airport,Asuncion,Paraguay
Arviat Airport,Eskimo Point,Canada
Baker Lake Airport,Baker Lake,Canada
Chesterfield Inlet Airport,Chesterfield Inlet,Canada
Churchill Airport,Churchill,Canada
Coral Harbour Airport,Coral Harbour,Canada
Inuvik Mike Zubko Airport,Inuvik,Canada
Norman Wells Airport,Norman Wells,Canada
Rankin Inlet Airport,Rankin Inlet,Canada
Thompson Airport,Thompson,Canada
Whale Cove Airport,Whale Cove,Canada
Margate Airport,Margate,South Africa
Plettenberg Bay Airport,Plettenberg Bay,South Africa
Agartala Airport,Agartala,India
Bagdogra Airport,Baghdogra,India
Biju Patnaik Airport,Bhubaneswar,India
Birsa Munda Airport,Ranchi,India
Chandigarh Airport,Chandigarh,India
Coimbatore International Airport,Coimbatore,India
Dabolim Airport,Goa,India
Devi Ahilyabai Holkar Airport,Indore,India
Dibrugarh Airport,Mohanbari,India
Dr. Babasaheb Ambedkar International Airport,Nagpur,India
Imphal Airport,Imphal,India
Jammu Airport,Jammu,India
Lal Bahadur Shastri Airport,Varanasi,India
Lok Nayak Jayaprakash Airport,Patina,India
Lokpriya Gopinath Bordoloi International Airport,Guwahati,India
Pune Airport,Pune,India
Raipur Airport,Raipur,India
Sardar Vallabhbhai Patel International Airport,Ahmedabad,India
Sheikh ul Alam Airport,Srinagar,India
Vadodara Airport,Baroda,India
Vishakhapatnam Airport,Vishakhapatnam,India
Eilat Airport,Elat,Israel
Sde Dov Airport,Tel-aviv,Israel
Soenderborg Airport,Soenderborg,Denmark
Polyarny Airport,Yakutia,Russia
Dawei Airport,Dawei,Burma
Kawthoung Airport,Kawthoung,Burma
Myeik Airport,Myeik,Burma
Thandwe Airport,Thandwe,Burma
Saratov Central Airport,Saratov,Russia
Antonio B. Won Pat International Airport,Agana,Guam
Cambridge Bay Airport,Cambridge Bay,Canada
Cape Dorset Airport,Cape Dorset,Canada
Clyde River Airport,Clyde River,Canada
Fort Simpson Airport,Fort Simpson,Canada
Gjoa Haven Airport,Gjoa Haven,Canada
Hall Beach Airport,Hall Beach,Canada
Hay River / Merlyn Carter Airport,Hay River,Canada
Igloolik Airport,Igloolik,Canada
Iqaluit Airport,Iqaluit,Canada
Kimmirut Airport,Kimmirut,Canada
Kugluktuk Airport,Coppermine,Canada
Old Arctic Bay Airport,Arctic Bay,Canada
Pangnirtung Airport,Pangnirtung,Canada
Pond Inlet Airport,Pond Inlet,Canada
Qikiqtarjuaq Airport,Broughton Island,Canada
Repulse Bay Airport,Repulse Bay,Canada
Taloyoak Airport,Spence Bay,Canada
Ulukhaktok Holman Airport,Holman Island,Canada
Kitakyushu Airport,Kitakyushu,Japan
Brevig Mission Airport,Brevig Mission,United States
Elim Airport,Elim,United States
Golovin Airport,Golovin,United States
Koyuk Alfred Adams Airport,Koyuk,United States
Nome Airport,Nome,United States
Shaktoolik Airport,Shaktoolik,United States
Shishmaref Airport,Shishmaref,United States
Teller Airport,Teller,United States
Wales Airport,Wales,United States
White Mountain Airport,White Mountain,United States
Arturo Michelena International Airport,Valencia,Venezuela
Barquisimeto International Airport,Barquisimeto,Venezuela
Casa De Campo International Airport,La Romana,Dominican Republic
Johan Adolf Pengel International Airport,Zandery,Suriname
Jose Maria Cordova International Airport,Rio Negro,Colombia
Norman Manley International Airport,Kingston,Jamaica
Piarco International Airport,Port-of-spain,Trinidad and Tobago
Toussaint Louverture International Airport,Port-au-prince,Haiti
Khudzhand Airport,Khudzhand,Tajikistan
Cap Manuel Nino International Airport,Changuinola,Panama
Enrique Malek International Airport,David,Panama
Jaque Airport,Jaque,Panama
Marcos A. Gelabert International Airport,Panama,Panama
Puerto Obaldia Airport,Puerto Obaldia,Panama
Aktobe Airport,Aktyubinsk,Kazakhstan
Cheboksary Airport,Cheboksary,Russia
Elista Airport,Elista,Russia
Izhevsk Airport,Izhevsk,Russia
Kurgan Airport,Kurgan,Russia
Magnitogorsk International Airport,Magnetiogorsk,Russia
Penza Airport,Penza,Russia
Petrozavodsk Airport,Petrozavodsk,Russia
Pobedilovo Airport,Kirov,Russia
Saransk Airport,Saransk,Russia
Tunoshna Airport,Yaroslavl,Russia
Ulyanovsk Baratayevka Airport,Ulyanovsk,Russia
Uray Airport,Uraj,Russia
Uytash Airport,Makhachkala,Russia
Volgograd International Airport,Volgograd,Russia
Vorkuta Airport,Vorkuta,Russia
Voronezh International Airport,Voronezh,Russia
Ralph Wien Memorial Airport,Kotzebue,United States
Unalakleet Airport,Unalakleet,United States
Hatay Airport,Hatay,Turkey
Jizan Regional Airport,Gizan,Saudi Arabia
Prince Abdulmohsin Bin Abdulaziz Airport,Yenbo,Saudi Arabia
Taif Regional Airport,Taif,Saudi Arabia
Dali Airport,Dali,China
Diqing Airport,Shangri-La,China
Pu'er Simao Airport,Simao,China
Tengchong Tuofeng Airport,Tengchong,China
Campbell River Airport,Campbell River,Canada
Elazig Airport,Elazig,Turkey
Ercan International Airport,Nicosia,Cyprus
Erzurum International Airport,Erzurum,Turkey
Gazipaia Airport,Alanya,Turkey
Malatya Erhac Airport,Malatya,Turkey
Masset Airport,Masset,Canada
Port Hardy Airport,Port Hardy,Canada
Powell River Airport,Powell River,Canada
Sanliurfa GAP Airport,Sanliurfa,Turkey
Trail Airport,Trail,Canada
Almirante Marco Andres Zar Airport,Trelew,Argentina
Brigadier Antonio Parodi Airport,Esquel,Argentina
Comandante Espora Airport,Bahia Blanca,Argentina
El Plumerillo Airport,Mendoza,Argentina
General E. Mosconi Airport,Comodoro Rivadavia,Argentina
General Urquiza Airport,Parana,Argentina
Hermes Quijada International Airport,Rio Grande,Argentina
Ingeniero Ambrosio Taravella Airport,Cordoba,Argentina
Islas Malvinas Airport,Rosario,Argentina
Piazzola International Airport,Mar Del Plata,Argentina
Piloto Civil N. Fernandez Airport,Rio Gallegos,Argentina
Presidente Peron Airport,Neuquen,Argentina
San Carlos De Bariloche Airport,San Carlos De Bariloche,Argentina
Sauce Viejo Airport,Santa Fe,Argentina
Lutselk'e Airport,Lutselk'e,Canada
Rae Lakes Airport,Gameti,Canada
Wekweeti Airport,Wekweeti,Canada
Whati Airport,Whati,Canada
Kufra Airport,Kufra,Libya
Sfax Thyna International Airport,Sfax,Tunisia
Anaktuvuk Pass Airport,Anaktuvuk Pass,United States
Fairbanks International Airport,Fairbanks,United States
Minchumina Airport,Lake Minchumina,United States
Changde Airport,Changde,China
Hyakuri Airport,Ibaraki,Japan
Lianshui Airport,Huai An,China
Luoyang Airport,Luoyang,China
Saga Airport,Saga,Japan
Takamatsu Airport,Takamatsu,Japan
Cincinnati Northern Kentucky International Airport,Cincinnati,United States
McGhee Tyson Airport,Knoxville,United States
Piedmont Triad International Airport,Greensboro,United States
Syracuse Hancock International Airport,Syracuse,United States
Benjamin Rivera Noriega Airport,Culebra Island,Puerto Rico
Virgin Gorda Airport,Spanish Town,British Virgin Islands
Antonio Narino Airport,Pasto,Colombia
Antonio Roldan Betancourt Airport,Carepa,Colombia
Caucaya Airport,Puerto Leguizamo,Colombia
El Carano Airport,Quibdo,Colombia
Enrique Olaya Herrera Airport,Medellin,Colombia
Fabio Alberto Leon Bentley Airport,Mitu,Colombia
Gerardo Tobar Lopez Airport,Buenaventura,Colombia
German Olano Airport,Puerto Carreno,Colombia
Gustavo Artunduaga Paredes Airport,Florencia,Colombia
Gustavo Vargas Airport,Tame,Colombia
Jorge E. Gonzalez Torres Airport,San Jose Del Guaviare,Colombia
Jose Celestino Mutis Airport,Bahia Solano,Colombia
Juan Casiano Airport,Guapi,Colombia
Las Brujas Airport,Corozal,Colombia
Los Colonizadores Airport,Saravena,Colombia
Obando Airport,Puerto Inirida,Colombia
Santiago Perez Airport,Arauca,Colombia
Tres De Mayo Airport,Puerto Asis,Colombia
Vanguardia Airport,Villavicencio,Colombia
Villa Garzon Airport,Villa Garzon,Colombia
Oued Irara Airport,Hassi Messaoud,Algeria
London Stansted Airport,London,United Kingdom
Alberto Carnevalli Airport,Merida,Venezuela
Barinas Airport,Barinas,Venezuela
Del Caribe Santiago Marino International Airport,Porlamar,Venezuela
Dr. Antonio Nicolas Briceno Airport,Valera,Venezuela
General Jose Antonio Anzoategui International Airport,Barcelona,Venezuela
General Manuel Carlos Piar International Airport,Guayana,Venezuela
Tocumen International Airport,Panama City,Panama
Aurangabad Airport,Aurangabad,India
Bhavnagar Airport,Bhaunagar,India
Dehradun Airport,Dehra Dun,India
Diu Airport,Diu,India
Gorakhpur Airport,Gorakhpur,India
Jodhpur Airport,Jodhpur,India
Lengpui Airport,Aizwal,India
Madurai Airport,Madurai,India
Maharana Pratap Airport,Udaipur,India
Mangalore International Airport,Mangalore,India
Porbandar Airport,Porbandar,India
Raja Bhoj International Airport,Bhopal,India
Rajahmundry Airport,Rajahmundry,India
Rajkot Airport,Rajkot,India
Silchar Airport,Silchar,India
Sri Guru Ram Dass Jee International Airport,Amritsar,India
Tiruchirapally Civil Airport Airport,Tiruchirappalli,India
Vir Savarkar International Airport,Port Blair,India
Chios Island National Airport,Chios,Greece
Ioannis Kapodistrias International Airport,Kerkyra/corfu,Greece
Samos Airport,Samos,Greece
Sitia Airport,Sitia,Greece
Abadan Airport,Abadan,Iran
Al Najaf International Airport,Najaf,Iraq
Ardabil Airport,Ardabil,Iran
Bandar Lengeh Airport,Bandar Lengeh,Iran
Birjand Airport,Birjand,Iran
Bushehr Airport,Bushehr,Iran
Dasht-e Naz Airport,Dasht-e-naz,Iran
Gorgan Airport,Gorgan,Iran
Kerman Airport,Kerman,Iran
Khoram Abad Airport,Khorram Abad,Iran
Konarak Airport,Chah Bahar,Iran
Lar Airport,Lar,Iran
Mashhad International Airport,Mashhad,Iran
Sardar-e-Jangal Airport,Rasht,Iran
Shahid Ashrafi Esfahani Airport,Bakhtaran,Iran
Shahid Sadooghi Airport,Yazd,Iran
Shiraz Shahid Dastghaib International Airport,Shiraz,Iran
Tashkent International Airport,Tashkent,Uzbekistan
Urmia Airport,Uromiyeh,Iran
Zahedan International Airport,Zahedan,Iran
Aden International Airport,Aden,Yemen
Al Ghaidah International Airport,Al Ghaidah Intl,Yemen
Ataq Airport,Ataq,Yemen
Hodeidah International Airport,Hodeidah,Yemen
Mukalla International Airport,Mukalla,Yemen
Sayun International Airport,Sayun Intl,Yemen
Socotra International Airport,Socotra,Yemen
Ta'izz International Airport,Taiz,Yemen
Abilene Regional Airport,Abilene,United States
Albany International Airport,Albany,United States
Albert J Ellis Airport,Jacksonville NC,United States
Alexandria International Airport,Alexandria,United States
Alice Springs Airport,Alice Springs,Australia
Asheville Regional Airport,Asheville,United States
Austin Straubel International Airport,Green Bay,United States
Bangor International Airport,Bangor,United States
Baton Rouge Metropolitan Airport,Baton Rouge,United States
Birmingham-Shuttlesworth International Airport,Birmingham,United States
Bishop International Airport,Flint,United States
Blue Grass Airport,Lexington KY,United States
Bob Hope Airport,Burbank,United States
Boise Air Terminal/Gowen Field,Boise,United States
Brownsville South Padre Island International Airport,Brownsville,United States
Burlington International Airport,Burlington,United States
Central Illinois Regional Airport at Bloomington-Normal,Bloomington,United States
Central Nebraska Regional Airport,Grand Island,United States
Central Wisconsin Airport,Wassau,United States
Charles M. Schulz Sonoma County Airport,Santa Rosa,United States
Charleston Air Force Base-International Airport,Charleston,United States
Charlottesville Albemarle Airport,Charlottesville VA,United States
Cherry Capital Airport,Traverse City,United States
Cibao International Airport,Santiago,Dominican Republic
City of Colorado Springs Municipal Airport,Colorado Springs,United States
Coastal Carolina Regional Airport,New Bern,United States
Columbia Metropolitan Airport,Columbia,United States
Columbia Regional Airport,Columbia,United States
Cyril E. King Airport,St. Thomas,Virgin Islands
Dane County Regional Truax Field,Madison,United States
Daytona Beach International Airport,Daytona Beach,United States
Destin-Ft Walton Beach Airport,Valparaiso,United States
Dubuque Regional Airport,Dubuque IA,United States
Durango La Plata County Airport,Durango,United States
East Texas Regional Airport,Longview,United States
Easterwood Field,College Station,United States
Eduardo Gomes International Airport,Manaus,Brazil
El Alto International Airport,La Paz,Bolivia
El Tepual Airport,Puerto Montt,Chile
Ellison Onizuka Kona International At Keahole Airport,Kona,United States
Elmira Corning Regional Airport,Elmira,United States
Erie International Tom Ridge Field,Erie,United States
Evansville Regional Airport,Evansville,United States
Faa'a International Airport,Papeete,French Polynesia
Fayetteville Regional Grannis Field,Fayetteville,United States
Florence Regional Airport,Florence,United States
Fort Smith Regional Airport,Fort Smith,United States
Fort Wayne International Airport,Fort Wayne,United States
Garden City Regional Airport,Garden City,United States
General Wayne A. Downing Peoria International Airport,Peoria,United States
George Best Belfast City Airport,Belfast,United Kingdom
Gerald R. Ford International Airport,Grand Rapids,United States
Grand Junction Regional Airport,Grand Junction,United States
Greater Binghamton/Edwin A Link field,Binghamton,United States
Greater Rochester International Airport,Rochester,United States
Greenville Spartanburg International Airport,Greenville,United States
Gregorio Luperon International Airport,Puerto Plata,Dominican Republic
Guararapes - Gilberto Freyre International Airport,Recife,Brazil
Gulfport Biloxi International Airport,Gulfport,United States
Harrisburg International Airport,Harrisburg,United States
Hector International Airport,Fargo,United States
Henry E Rohlsen Airport,St. Croix Island,Virgin Islands
Hewanorra International Airport,Hewandorra,Saint Lucia
Hilton Head Airport,Hilton Head Island,United States
Huntsville International Carl T Jones Field,Huntsville,United States
Inca Manco Capac International Airport,Juliaca,Peru
Ithaca Tompkins Regional Airport,Ithaca,United States
Joe Foss Field Airport,Sioux Falls,United States
Joplin Regional Airport,Joplin,United States
Juan Manuel Galvez International Airport,Roatan,Honduras
Juneau International Airport,Juneau,United States
Kalamazoo Battle Creek International Airport,Kalamazoo,United States
L.F. Wade International International Airport,Bermuda,Bermuda
La Crosse Municipal Airport,La Crosse,United States
Lafayette Regional Airport,Lafayette,United States
Lake Charles Regional Airport,Lake Charles,United States
Langkawi International Airport,Langkawi,Malaysia
Laredo International Airport,Laredo,United States
Lawton Fort Sill Regional Airport,Lawton,United States
Lehigh Valley International Airport,Allentown,United States
Long Beach /Daugherty Field/ Airport,Long Beach,United States
Long Island Mac Arthur Airport,Islip,United States
Lovell Field,Chattanooga,United States
Mahlon Sweet Field,Eugene,United States
Mammoth Yosemite Airport,Mammoth Lakes,United States
Manhattan Regional Airport,Manhattan,United States
Meadows Field,Bakersfield,United States
Mobile Regional Airport,Mobile,United States
Monroe Regional Airport,Monroe,United States
Monsenor Oscar Arnulfo Romero International Airport,San Salvador,El Salvador
Montgomery Regional (Dannelly Field) Airport,MONTGOMERY,United States
Myrtle Beach International Airport,Myrtle Beach,United States
Newport News Williamsburg International Airport,Newport News,United States
Northwest Arkansas Regional Airport,Bentonville,United States
Osaka International Airport,Osaka,Japan
Owen Roberts International Airport,Georgetown,Cayman Islands
Palm Springs International Airport,Palm Springs,United States
Philip S. W. Goldson International Airport,Belize City,Belize
Point Salines International Airport,Point Salines,Grenada
Providenciales Airport,Providenciales,Turks and Caicos Islands
Quad City International Airport,Moline,United States
Ramon Villeda Morales International Airport,San Pedro Sula,Honduras
Rapid City Regional Airport,Rapid City,United States
Roanoke Blacksburg Regional Airport,Roanoke VA,United States
Robert Gray  Army Air Field Airport,Killeen,United States
Rochester International Airport,Rochester,United States
Rodriguez Ballan International Airport,Arequipa,Peru
Rogue Valley International Medford Airport,Medford,United States
Roswell International Air Center Airport,Roswell,United States
Salisbury Ocean City Wicomico Regional Airport,Salisbury,United States
San Angelo Regional Mathis Field,San Angelo,United States
San Luis County Regional Airport,San Luis Obispo,United States
Santa Barbara Municipal Airport,Santa Barbara,United States
Santa Fe Municipal Airport,Santa Fe,United States
Sarasota Bradenton International Airport,Sarasota,United States
Savannah Hilton Head International Airport,Savannah,United States
Sawyer International Airport,Gwinn,United States
Sheppard Air Force Base-Wichita Falls Municipal Airport,Wichita Falls,United States
Shreveport Regional Airport,Shreveport,United States
Sioux Gateway Col. Bud Day Field,Sioux City,United States
Sir Grantley Adams International Airport,Bridgetown,Barbados
Southeast Texas Regional Airport,Beaumont,United States
Spokane International Airport,Spokane,United States
Springfield Branson National Airport,Springfield,United States
Stewart International Airport,Newburgh,United States
Tancredo Neves International Airport,Belo Horizonte,Brazil
Ted Stevens Anchorage International Airport,Anchorage,United States
Texarkana Regional Webb Field,Texarkana,United States
The Eastern Iowa Airport,Cedar Rapids,United States
Toledo Express Airport,Toledo,United States
Toncontin International Airport,Tegucigalpa,Honduras
Tri-Cities Regional TN/VA Airport,Bristol,United States
Tri-State/Milton J. Ferguson Field,Huntington,United States
Tweed New Haven Airport,New Haven,United States
Tyler Pounds Regional Airport,Tyler,United States
University Park Airport,State College Pennsylvania,United States
University of Illinois Willard Airport,Champaign,United States
Vieques Airport,Vieques Island,Puerto Rico
Viru Viru International Airport,Santa Cruz,Bolivia
Waco Regional Airport,Waco,United States
Waterloo Airport,Waterloo,Canada
Waterloo Regional Airport,Waterloo,United States
Watertown International Airport,Watertown,United States
Westchester County Airport,White Plains,United States
Wichita Eisenhower National Airport,Wichita,United States
Wilkes Barre Scranton International Airport,Scranton,United States
Williamsport Regional Airport,Williamsport,United States
Wilmington International Airport,Wilmington,United States
Abdul Rachman Saleh Airport,Malang,Indonesia
Achmad Yani Airport,Semarang,Indonesia
Adi Sumarmo Wiryokusumo Airport,Solo City,Indonesia
Adi Sutjipto International Airport,Yogyakarta,Indonesia
Buluh Tumbang (H A S Hanandjoeddin) Airport,Tanjung Pandan,Indonesia
Dominique Edward Osok Airport,Sorong,Indonesia
El Tari Airport,Kupang,Indonesia
Ende (H Hasan Aroeboesman) Airport,Ende,Indonesia
Fatmawati Soekarno Airport,Bengkulu,Indonesia
Frans Kaisiepo Airport,Biak,Indonesia
Hang Nadim International Airport,Batam,Indonesia
Hasanuddin International Airport,Ujung Pandang,Indonesia
Husein Sastranegara International Airport,Bandung,Indonesia
Jalaluddin Airport,Gorontalo,Indonesia
Juwata Airport,Taraken,Indonesia
Kalimarau Airport,Tanjung Redep-Borneo Island,Indonesia
Komodo Airport,Labuhan Bajo,Indonesia
Lombok International Airport,Praya,Indonesia
Minangkabau International Airport,Padang,Indonesia
Mopah Airport,Merauke,Indonesia
Moses Kilangin Airport,Timika,Indonesia
Muhammad Salahuddin Airport,Bima,Indonesia
Mutiara Airport,Palu,Indonesia
Pangkal Pinang (Depati Amir) Airport,Pangkal Pinang,Indonesia
Pattimura Airport,Ambon,Indonesia
Radin Inten II (Branti) Airport,Bandar Lampung-Sumatra Island,Indonesia
Raja Haji Fisabilillah International Airport,Tanjung Pinang,Indonesia
Rendani Airport,Manokwari,Indonesia
Sam Ratulangi Airport,Manado,Indonesia
Sentani International Airport,Jayapura,Indonesia
Sultan Aji Muhamad Sulaiman Airport,Balikpapan,Indonesia
Sultan Iskandar Muda International Airport,Banda Aceh,Indonesia
Sultan Khairun Babullah Airport,Ternate,Indonesia
Sultan Mahmud Badaruddin II Airport,Palembang,Indonesia
Sultan Syarif Kasim Ii (Simpang Tiga) Airport,Pekanbaru,Indonesia
Sultan Thaha Airport,Jambi,Indonesia
Supadio Airport,Pontianak,Indonesia
Syamsudin Noor Airport,Banjarmasin,Indonesia
Tambolaka Airport,Waikabubak-Sumba Island,Indonesia
Tjilik Riwut Airport,Palangkaraya,Indonesia
Wolter Monginsidi Airport,Kendari,Indonesia
Agen-La Garenne Airport,Agen,France
Aurillac Airport,Aurillac,France
Castres-Mazamet Airport,Castres,France
Clermont-Ferrand Auvergne Airport,Clermont-Ferrand,France
La Rochelle-Ile de Re Airport,La Rochelle,France
Lannion-Cote de Granit Airport,Lannion,France
Lorient South Brittany (Bretagne Sud) Airport,Lorient,France
Metz-Nancy-Lorraine Airport,Metz,France
Pau Pyrenees Airport,Pau,France
Poitiers-Biard Airport,Poitiers,France
Quimper-Cornouaille Airport,Quimper,France
Rodez-Marcillac Airport,Rodez,France
Tarbes-Lourdes-Pyrenees Airport,Tarbes,France
Agatti Airport,Agatti Island,India
Agra Airport,Agra,India
Allahabad Airport,Allahabad,India
Dimapur Airport,Dimapur,India
Gwalior Airport,Gwalior,India
Jabalpur Airport,Jabalpur,India
Jamnagar Airport,Jamnagar,India
Kangra Airport,Kangra,India
Kanpur Airport,Kanpur,India
Khajuraho Airport,Khajuraho,India
Kullu Manali Airport,Kulu,India
Leh Kushok Bakula Rimpochee Airport,Leh,India
Ludhiana Airport,Ludhiaha,India
Shillong Airport,Shillong,India
Sir Seewoosagur Ramgoolam International Airport,Plaisance,Mauritius
Surat Airport,Surat,India
Tirupati Airport,Tirupeti,India
Vijayawada Airport,Vijayawada,India
Kamembe Airport,Kamembe,Rwanda
Libreville Leon M'ba International Airport,Libreville,Gabon
Mombasa Moi International Airport,Mombasa,Kenya
Praslin Airport,Praslin,Seychelles
Seychelles International Airport,Mahe,Seychelles
Chileka International Airport,Blantyre,Malawi
Diori Hamani International Airport,Niamey,Niger
Hosea Kutako International Airport,Windhoek,Namibia
Lilongwe International Airport,Lilongwe,Malawi
Lubumbashi International Airport,Lubumashi,Democratic Republic of Congo
Maputo Airport,Maputo,Mozambique
Maya-Maya Airport,Brazzaville,Republic of Congo
Mekele Airport,Makale,Ethiopia
N'Djamena International Airport,N'djamena,Chad
Pointe Noire Airport,Pointe-noire,Republic of Congo
Simon Mwansa Kapwepwe International Airport,Ndola,Zambia
LTS Pulau Redang Airport,Redang,Malaysia
Sultan Abdul Aziz Shah International Airport,Kuala Lumpur,Malaysia
Asahikawa Airport,Asahikawa,Japan
Hakodate Airport,Hakodate,Japan
Komatsu Airport,Kanazawa,Japan
Okayama Airport,Okayama,Japan
Sendai Airport,Sendai,Japan
Taichung Ching Chuang Kang Airport,Taichung,Taiwan
Alberto Alcolumbre Airport,Macapa,Brazil
Atlas Brasil Cantanhede Airport,Boa Vista,Brazil
Bahia - Jorge Amado Airport,Ilheus,Brazil
Bauru - Arealva Airport,Bauru,Brazil
Cataratas International Airport,Foz Do Iguacu,Brazil
Congonhas Airport,Sao Paulo,Brazil
Cruzeiro do Sul Airport,Cruzeiro do Sul,Brazil
Eurico de Aguiar Salles Airport,Vitoria,Brazil
Fernando de Noronha Airport,Fernando Do Noronha,Brazil
Governador Jorge Teixeira de Oliveira Airport,Porto Velho,Brazil
Governador Jose Richa Airport,Londrina,Brazil
Greater Natal International Airport,Natal,Brazil
Hercilio Luz International Airport,Florianopolis,Brazil
Hugo Cantergiani Regional Airport,Caxias Do Sul,Brazil
Joao Correa da Rocha Airport,Maraba,Brazil
Lauro Carneiro de Loyola Airport,Joinville,Brazil
Maestro Wilson Fonseca Airport,Santarem,Brazil
Marechal Cunha Machado International Airport,Sao Luis,Brazil
Mario Ribeiro Airport,Montes Claros,Brazil
Ministro Victor Konder International Airport,Navegantes,Brazil
Nelson Ribeiro Guimaraes Airport,Caldas Novas,Brazil
Orlando Bezerra de Menezes Airport,Juazeiro Do Norte,Brazil
Placido de Castro Airport,Rio Branco,Brazil
Porto Seguro Airport,Porto Seguro,Brazil
Prefeito Renato Moreira Airport,Imperatriz,Brazil
Presidente Castro Pinto International Airport,Joao Pessoa,Brazil
Presidente Joao Suassuna Airport,Campina Grande,Brazil
Presidente Prudente Airport,President Prudente,Brazil
Regional de Maringa Airport,Maringa,Brazil
Santa Maria Airport,Santa Maria (island),Portugal
Senador Nilo Coelho Airport,Petrolina,Brazil
Senador Petronio Portela Airport,Teresina,Brazil
Serafin Enoss Bertaso Airport,Chapeco,Brazil
Val de Cans/Julio Cezar Ribeiro International Airport,Belem,Brazil
Viracopos International Airport,Campinas,Brazil
Zumbi dos Palmares Airport,Maceio,Brazil
Abel Santamaria Airport,Santa Clara,Cuba
Baie Comeau Airport,Baie Comeau,Canada
Billy Bishop Toronto City Centre Airport,Toronto,Canada
CFB Bagotville,Bagotville,Canada
Castlegar/West Kootenay Regional Airport,Castlegar,Canada
Chris Hadfield Airport,Sarnia,Canada
Cranbrook/Canadian Rockies International Airport,Cranbrook,Canada
Deer Lake Airport,Deer Lake,Canada
Frank Pais International Airport,Holguin,Cuba
Fredericton Airport,Fredericton,Canada
Gander International Airport,Gander,Canada
Gaspe (Michel-Pouliot) Airport,Gaspe,Canada
Greater Moncton International Airport,Moncton,Canada
Iles-de-la-Madeleine Airport,Iles De La Madeleine,Canada
Jardines Del Rey Airport,Cunagua,Cuba
Juan Gualberto Gomez International Airport,Varadero,Cuba
Kingston Norman Rogers Airport,Kingston,Canada
Lethbridge County Airport,Lethbridge,Canada
London Airport,London,Canada
Medicine Hat Airport,Medicine Hat,Canada
Mont Joli Airport,Mont Joli,Canada
North Bay Jack Garland Airport,North Bay,Canada
Penticton Airport,Penticton,Canada
Prince Rupert Airport,Prince Pupert,Canada
Quebec Jean Lesage International Airport,Quebec,Canada
Quesnel Airport,Quesnel,Canada
Red Deer Regional Airport,Red Deer Industrial,Canada
Rouyn Noranda Airport,Rouyn,Canada
Saint John Airport,St. John,Canada
Samana El Catey International Airport,Samana,Dominican Republic
San Salvador Airport,Cockburn Town,Bahamas
Sandspit Airport,Sandspit,Canada
Sault Ste Marie Airport,Sault Sainte Marie,Canada
Sept-Iles Airport,Sept-Iles,Canada
Smithers Airport,Smithers,Canada
Sudbury Airport,Sudbury,Canada
Sydney / J.A. Douglas McCurdy Airport,Sydney,Canada
Timmins/Victor M. Power,Timmins,Canada
Val-d'Or Airport,Val D'or,Canada
Wabush Airport,Wabush,Canada
Williams Lake Airport,Williams Lake,Canada
Windsor Airport,Windsor,Canada
Balmaceda Airport,Balmaceda,Chile
Chacalluta Airport,Arica,Chile
Desierto de Atacama Airport,Copiapo,Chile
El Loa Airport,Calama,Chile
La Araucania Airport,Temuco,Chile
La Florida Airport,La Serena,Chile
Pdte. Carlos Ibanez del Campo Airport,Punta Arenas,Chile
Pichoy Airport,Valdivia,Chile
Alfredo Vasquez Cobo International Airport,Leticia,Colombia
Camilo Daza International Airport,Cucuta,Colombia
Ernesto Cortissoz International Airport,Barranquilla,Colombia
Gustavo Rojas Pinilla International Airport,San Andres Island,Colombia
Matecana International Airport,Pereira,Colombia
Palonegro Airport,Bucaramanga,Colombia
Rafael Nunez International Airport,Cartagena,Colombia
Anqing Tianzhushan Airport,Anqing,China
Anshun Huangguoshu Airport,Anshun,China
Baise Youjiang Airport,Baise,China
Bijie Feixiong Airport,Bijie,China
Dongying Shengli Airport,Dongying,China
Jining Qufu Airport,Jining,China
Lianyungang Airport,Lianyungang,China
Liping Airport,Liping,China
Shanhaiguan Airport,Qinhuangdao,China
Wuzhou Changzhoudao Airport,Wuzhou,China
Xingyi Airport,Xingyi,China
Hualien Airport,Hualien,Taiwan
Kinmen Airport,Kinmen,Taiwan
Makung Airport,Makung,Taiwan
Meixian Airport,Meixian,China
Taitung Airport,Fengnin,Taiwan
Kos Airport,Kos,Greece
Mikonos Airport,Mykonos,Greece
Ostend-Bruges International Airport,Ostend,Belgium
Reus Air Base,Reus,Spain
Zakynthos International Airport 'Dionysios Solomos',Zakynthos,Greece
Aktau Airport,Aktau,Kazakhstan
Ganja Airport,Ganja,Azerbaijan
Bata Airport,Bata,Equatorial Guinea
Appleton International Airport,Appleton,United States
Bellingham International Airport,Bellingham,United States
Billings Logan International Airport,Billings,United States
Bismarck Municipal Airport,Bismarck,United States
Chicago Rockford International Airport,Rockford,United States
Grand Forks International Airport,Grand Forks,United States
Niagara Falls International Airport,Niagara Falls,United States
North Central West Virginia Airport,Clarksburg,United States
Ogden Hinckley Airport,Ogden,United States
Orlando Sanford International Airport,Sanford,United States
Phoenix-Mesa-Gateway Airport,Mesa,United States
Plattsburgh International Airport,Plattsburgh,United States
Provo Municipal Airport,Provo,United States
Rickenbacker International Airport,Columbus,United States
South Bend Regional Airport,South Bend,United States
St Cloud Regional Airport,Saint Cloud,United States
St Petersburg Clearwater International Airport,St. Petersburg,United States
Deline Airport,Deline,Canada
Fort Good Hope Airport,Fort Good Hope,Canada
Tulita Airport,Tulita,Canada
Angads Airport,Oujda,Morocco
Bangui M'Poko International Airport,Bangui,Central African Republic
Cherif Al Idrissi Airport,Al Hociema,Morocco
Dakhla Airport,Dakhla,Western Sahara
Hassan I Airport,El Aaiun,Western Sahara
Mogador Airport,Essadouira,Morocco
Nouakchott Oumtounsy International Airport,Nouakschott,Mauritania
Ouarzazate Airport,Ouarzazate,Morocco
Saniat R'mel Airport,Tetouan,Morocco
Tan Tan Airport,Tan Tan,Morocco
Cherepovets Airport,Cherepovets,Russia
Kirovsk-Apatity Airport,Apatity,Russia
Velikiy Ustyug Airport,Veliky Ustyug,Russia
Babelthuap Airport,Babelthuap,Palau
Hiroshima Airport,Hiroshima,Japan
Kagoshima Airport,Kagoshima,Japan
Miyazaki Airport,Miyazaki,Japan
New Ishigaki Airport,Ishigaki,Japan
Tainan Airport,Tainan,Taiwan
Toyama Airport,Toyama,Japan
Al Ain International Airport,Al Ain,United Arab Emirates
Altamira Airport,Altamira,Brazil
Aracatuba Airport,Aracatuba,Brazil
Araraquara Airport,Araracuara,Brazil
Barcelos Airport,Barcelos,Brazil
Bartolomeu Lisandro Airport,Campos,Brazil
Bonito Airport,Bointo,Brazil
Brigadeiro Camario Airport,Vilhena,Brazil
Cabo Frio Airport,Cabo Frio,Brazil
Cacoal Airport,Cacoal,Brazil
Carajos Airport,Parauapebas,Brazil
Coari Airport,Coari,Brazil
Coronel Altino Machado de Oliveira Airport,Governador Valadares,Brazil
Coronel Horacio de Mattos Airport,Lencois,Brazil
Corumba International Airport,Corumba,Brazil
Diomicio Freitas Airport,Criciuma,Brazil
Eirunepe Airport,Eirunepe,Brazil
Frank Miloye Milenkowichi Marilia State Airport,Marilia,Brazil
General Leite de Castro Airport,Rio Verde,Brazil
Itaituba Airport,Itaituba,Brazil
Lauro Kurtz Airport,Passo Fundo,Brazil
Macae Airport,Macae,Brazil
Maestro Marinho Franco Airport,Rondonopolis,Brazil
Parintins Airport,Parintins,Brazil
Patos de Minas Airport,Patos de Minas,Brazil
Paulo Afonso Airport,Paulo Alfonso,Brazil
Pelotas International Airport,Pelotas,Brazil
Piloto Osvaldo Marques Dias Airport,Alta Floresta,Brazil
Prefeito Doutor Joao Silva Filho Airport,Parnaiba,Brazil
Professor Urbano Ernesto Stumpf Airport,Sao Jose Dos Campos,Brazil
Romeu Zema Airport,Araxa,Brazil
Sao Gabriel da Cachoeira Airport,Sao Gabriel,Brazil
Senadora Eunice Micheles Airport,Sao Paulo de Olivenca,Brazil
Tabatinga Airport,Tabatinga,Brazil
Tapuruquara Airport,Santa Isabel do Rio Negro,Brazil
Tefe Airport,Tefe,Brazil
Trombetas Airport,Oriximina,Brazil
Tucurui Airport,Tucurui,Brazil
Usiminas Airport,Ipatinga,Brazil
Zona da Mata Regional Airport,Juiz de Fora,Brazil
Arxan Yi'ershi Airport,Arxan,China
Enshi Airport,Enshi,China
Erenhot Saiwusu International Airport,Erenhot,China
Jixi Xingkaihu Airport,Jixi,China
Cabinda Airport,Cabinda,Angola
Catumbela Airport,Catumbela,Angola
Kuito Airport,Kuito,Angola
Lubango Airport,Lubango,Angola
Luena Airport,Luena,Angola
Malanje Airport,Malanje,Angola
Menongue Airport,Menongue,Angola
Namibe Airport,Mocamedes,Angola
Ngjiva Pereira Airport,Ondjiva,Angola
Nova Lisboa Airport,Huambo,Angola
Sao Tome International Airport,Sao Tome,Sao Tome and Principe
Saurimo Airport,Saurimo,Angola
Soyo Airport,Soyo,Angola
Esbjerg Airport,Esbjerg,Denmark
Norwich International Airport,Norwich,United Kingdom
Sialkot Airport,Sialkot,Pakistan
Barra Airport,Barra,United Kingdom
Benbecula Airport,Benbecula,United Kingdom
Bergerac-Roumaniere Airport,Bergerac,France
Campbeltown Airport,Campbeltown,United Kingdom
Donegal Airport,Dongloe,Ireland
Dundee Airport,Dundee,United Kingdom
Exeter International Airport,Exeter,United Kingdom
Guernsey Airport,Guernsey,Guernsey
Humberside Airport,Humberside,United Kingdom
Inverness Airport,Inverness,United Kingdom
Ireland West Knock Airport,Connaught,Ireland
Islay Airport,Islay,United Kingdom
Jyvaskyla Airport,Jyvaskyla,Finland
Kajaani Airport,Kajaani,Finland
Kemi-Tornio Airport,Kemi,Finland
Kirkwall Airport,Kirkwall,United Kingdom
Limoges Airport,Limoges,France
Newquay Cornwall Airport,Newquai,United Kingdom
Norrkoeping Airport,Norrkoeping,Sweden
Savonlinna Airport,Savonlinna,Finland
Southampton Airport,Southampton,United Kingdom
Stornoway Airport,Stornoway,United Kingdom
Sumburgh Airport,Sumburgh,United Kingdom
Tartu Airport,Tartu,Estonia
Tiree Airport,Tiree,United Kingdom
Waterford Airport,Waterford,Ireland
Wick Airport,Wick,United Kingdom
Fort Chipewyan Airport,Fort Chipewyan,Canada
Fort Smith Airport,Fort Smith,Canada
Matsuyama Airport,Matsuyama,Japan
Oita Airport,Oita,Japan
Kandahar Airport,Kandahar,Afghanistan
Aktion National Airport,Preveza,Greece
Alexander the Great International Airport,Kavala,Greece
Joao Paulo II Airport,Ponta Delgada,Portugal
Karlsruhe Baden-Baden Airport,Karlsruhe/Baden-Baden,Germany
La Palma Airport,Santa Cruz De La Palma,Spain
Mytilene International Airport,Mytilini,Greece
Nea Anchialos Airport,Nea Anghialos,Greece
Dimokritos Airport,Alexandroupolis,Greece
Ikaria Airport,Ikaria,Greece
Kastoria National Airport,Kastoria,Greece
Kefallinia Airport,Keffallinia,Greece
Kithira Airport,Kithira,Greece
Limnos Airport,Limnos,Greece
Skiros Airport,Skiros,Greece
Alashankou Bole (Bortala) airport,Bole,China
Altay Air Base,Altay,China
Jiagedaqi Airport,Jiagedaqi District,China
Karamay Airport,Karamay,China
Kuqa Airport,Kuqa,China
Muan International Airport,Muan,South Korea
Nanchong Airport,Nanchong,China
Qingyang Airport,Qingyang,China
Tacheng Airport,Tacheng,China
Tongren Fenghuang Airport,Tongren,China
Xinyuan Nalati Airport,Xinyuan,China
Tamale Airport,Tamale,Ghana
Angelholm-Helsingborg Airport,Angelholm,Sweden
Kalmar Airport,Kalkmar,Sweden
Ronneby Airport,Ronneby,Sweden
Stockholm-Bromma Airport,Stockholm,Sweden
Sundsvall-Harnosand Airport,Sundsvall,Sweden
Trollhattan-Vanersborg Airport,Trollhattan,Sweden
Prince Said Ibrahim International Airport,Moroni,Comoros
Ivalo Airport,Ivalo,Finland
Joensuu Airport,Joensuu,Finland
Kittila Airport,Kittila,Finland
Kuopio Airport,Kuopio,Finland
Kuusamo Airport,Kuusamo,Finland
Oulu Airport,Oulu,Finland
Pamplona Airport,Pamplona,Spain
Rovaniemi Airport,Rovaniemi,Finland
Tampere-Pirkkala Airport,Tampere,Finland
Umea Airport,Umea,Sweden
Vaasa Airport,Vaasa,Finland
Fukushima Airport,Fukushima,Japan
Kobe Airport,Kobe,Japan
Kushiro Airport,Kushiro,Japan
Memanbetsu Airport,Memanbetsu,Japan
Niigata Airport,Niigata,Japan
Tokachi-Obihiro Airport,Obihiro,Japan
Egal International Airport,Hargeisa,Somalia
Don Mueang International Airport,Bangkok,Thailand
Alluitsup Paa Heliport,Alluitsup Paa,Greenland
Godthaab / Nuuk Airport,Godthaab,Greenland
Kangerlussuaq Airport,Sondrestrom,Greenland
Maniitsoq Airport,Maniitsoq,Greenland
Nanortalik Heliport,Nanortalik,Greenland
Narsaq Heliport,Narsaq,Greenland
Narsarsuaq Airport,Narssarssuaq,Greenland
Qaanaaq Airport,Qaanaaq,Greenland
Qaarsut Airport,Uummannaq,Greenland
Qaqortoq Heliport,Qaqortoq,Greenland
Sisimiut Airport,Sisimiut,Greenland
Thule Air Base,Thule,Greenland
Uummannaq Heliport,Uummannaq,Greenland
Anshan Air Base,Anshan,China
Baoshan Yunduan Airport,Baoshan,China
Changbaishan Airport,Baishan,China
Gu-Lian Airport,Mohe County,China
Heihe Airport,Heihe,China
Jiuhuashan Airport,Chizhou,China
Jiujiang Lushan Airport,Jiujiang,China
Libo Airport,Libo,China
Lindu Airport,Yinchun,China
Lintsang Airfield,Lincang,China
Nanping Wuyishan Airport,Wuyishan,China
Nanyang Jiangying Airport,Nanyang,China
Zhaotong Airport,Zhaotong,China
Zhijiang Airport,Zhijiang,China
Andizhan Airport,Andizhan,Uzbekistan
Termez Airport,Termez,Uzbekistan
Urgench Airport,Urgench,Uzbekistan
Bintulu Airport,Bintulu,Malaysia
Hat Yai International Airport,Hat Yai,Thailand
Kuching International Airport,Kuching,Malaysia
Labuan Airport,Labuan,Malaysia
Sandakan Airport,Sandakan,Malaysia
Senai International Airport,Johor Bahru,Malaysia
Sibu Airport,Sibu,Malaysia
Sultan Abdul Halim Airport,Alor Setar,Malaysia
Sultan Ismail Petra Airport,Kota Bahru,Malaysia
Sultan Mahmud Airport,Kuala Terengganu,Malaysia
Surat Thani Airport,Surat Thani,Thailand
Tawau Airport,Tawau,Malaysia
Ahe Airport,Ahe,French Polynesia
Arutua Airport,Arutua,French Polynesia
Bora Bora Airport,Bora Bora,French Polynesia
Fakarava Airport,Fakarava,French Polynesia
Hao Airport,Hao Island,French Polynesia
Hiva Oa-Atuona Airport,Hiva-oa,French Polynesia
Huahine-Fare Airport,Huahine Island,French Polynesia
Kaukura Airport,Kaukura Atoll,French Polynesia
Makemo Airport,Makemo,French Polynesia
Manihi Airport,Manihi,French Polynesia
Mataiva Airport,Mataiva,French Polynesia
Maupiti Airport,Maupiti,French Polynesia
Moorea Airport,Moorea,French Polynesia
Nuku Hiva Airport,Nuku Hiva,French Polynesia
Raiatea Airport,Raiatea Island,French Polynesia
Raivavae Airport,Raivavae,French Polynesia
Rangiroa Airport,Rangiroa,French Polynesia
Rarotonga International Airport,Avarua,Cook Islands
Rimatara Airport,Rimatara,French Polynesia
Rurutu Airport,Rurutu,French Polynesia
Takapoto Airport,Takapoto,French Polynesia
Takaroa Airport,Takaroa,French Polynesia
Tikehau Airport,Tikehau,French Polynesia
Totegegie Airport,Totegegie,French Polynesia
Tubuai Airport,Tubuai,French Polynesia
Ua Huka Airport,Ua Huka,French Polynesia
Ua Pou Airport,Ua Pou,French Polynesia
Buri Ram Airport,Buri Ram,Thailand
Chiang Rai International Airport,Chiang Rai,Thailand
Chumphon Airport,Chumphon,Thailand
Loei Airport,Loei,Thailand
Mae Sot Airport,Tak,Thailand
Nakhon Phanom Airport,Nakhon Phanom,Thailand
Nakhon Si Thammarat Airport,Nakhon Si Thammarat,Thailand
Nan Airport,Nan,Thailand
Phitsanulok Airport,Phitsanulok,Thailand
Phrae Airport,Phrae,Thailand
Ranong Airport,Ranong,Thailand
Roi Et Airport,Roi Et,Thailand
Sakon Nakhon Airport,Sakon Nakhon,Thailand
Trang Airport,Trang,Thailand
Ubon Ratchathani Airport,Ubon Ratchathani,Thailand
Udon Thani Airport,Udon Thani,Thailand
Mulu Airport,Mulu,Malaysia
Bauerfield International Airport,Port-vila,Vanuatu
Cicia Airport,Cicia,Fiji
Fua'amotu International Airport,Tongatapu,Tonga
Funafuti International Airport,Funafuti,Tuvalu
Labasa Airport,Lambasa,Fiji
Lakeba Island Airport,Lakeba Island,Fiji
Matei Airport,Matei,Fiji
Nausori International Airport,Nausori,Fiji
Rotuma Airport,Rotuma,Fiji
Savusavu Airport,Savusavu,Fiji
Vanua Balavu Airport,Vanua Balavu,Fiji
Vunisea Airport,Vunisea,Fiji
Augusta Regional At Bush Field,Bush Field,United States
Ivato Airport,Antananarivo,Madagascar
Livingstone Airport,Livingstone,Zambia
Pierrefonds Airport,St.-pierre,Reunion
Roland Garros Airport,St.-denis,Reunion
Toulon-Hyeres Airport,Hyeres,France
Jinzhou Airport,Jinzhou,China
Weifang Airport,Weifang,China
Yan'an Ershilipu Airport,Yan'an,China
Avignon-Caumont Airport,Avignon,France
Chinggis Khaan International Airport,Ulan Bator,Mongolia
Daegu Airport,Taegu,South Korea
Pyongyang Sunan International Airport,Pyongyang,North Korea
Puerto Lempira Airport,Puerto Lempira,Honduras
Khon Kaen Airport,Khon Kaen,Thailand
Narathiwat Airport,Narathiwat,Thailand
Bardufoss Airport,Bardufoss,Norway
Karup Airport,Karup,Denmark
Milan Rastislav Stefanik Airport,Bratislava,Slovakia
Palanga International Airport,Palanga,Lithuania
Pula Airport,Pula,Croatia
San Javier Airport,Murcia,Spain
Elfin Cove Seaplane Base,Elfin Cove,United States
Haifa International Airport,Haifa,Israel
Daru Airport,Daru,Papua New Guinea
Goroka Airport,Goroka,Papua New Guinea
Moro Airport,Moro,Papua New Guinea
Mount Hagen Kagamuga Airport,Mount Hagen,Papua New Guinea
Port Moresby Jacksons International Airport,Port Moresby,Papua New Guinea
Tapachula International Airport,Tapachula,Mexico
Camilo Ponce Enriquez Airport,La Toma (Catamayo),Ecuador
Coronel E Carvajal Airport,Macas,Ecuador
Cotopaxi International Airport,Latacunga,Ecuador
Eloy Alfaro International Airport,Manta,Ecuador
General Rivadeneira Airport,Esmeraldas,Ecuador
Jumandy Airport,Tena,Ecuador
Santa Rosa International Airport,Santa Rosa,Ecuador
Cheddi Jagan International Airport,Georgetown,Guyana
Tobago-Crown Point Airport,Scarborough,Trinidad and Tobago
Aitutaki Airport,Aitutaki,Cook Islands
Enua Airport,Atiu Island,Cook Islands
Mangaia Island Airport,Mangaia Island,Cook Islands
Mauke Airport,Mauke Island,Cook Islands
Mitiaro Island Airport,Mitiaro Island,Cook Islands
Tabuk Airport,Tabuk,Saudi Arabia
Al Ahsa Airport,Al-ahsa,Saudi Arabia
Basrah International Airport,Basrah,Iraq
Ha'il Airport,Hail,Saudi Arabia
Shymkent Airport,Chimkent,Kazakhstan
Aarhus Airport,Aarhus,Denmark
Araxos Airport,Patras,Greece
Beziers-Vias Airport,Beziers,France
Bournemouth Airport,Bournemouth,United Kingdom
Brno-Turany Airport,Brno,Czech Republic
Bydgoszcz Ignacy Jan Paderewski Airport,Bydgoszcz,Poland
Carcassonne Airport,Carcassonne,France
Chalons-Vatry Airport,Chalons,France
City of Derry Airport,Londonderry,United Kingdom
Comiso Airport,Comiso,Italy
Cork Airport,Cork,Ireland
Dinard-Pleurtuit-Saint-Malo Airport,Dinard,France
Dole-Tavaux Airport,Dole,France
Eelde Airport,Groningen,Netherlands
Glasgow Prestwick Airport,Prestwick,United Kingdom
Kaunas International Airport,Kaunas,Lithuania
Kerry Airport,Kerry,Ireland
Lappeenranta Airport,Lappeenranta,Finland
Maastricht Aachen Airport,Maastricht,Netherlands
Modlin Airport,Warsaw,Poland
Moss Airport,Rygge,Norway
Nimes-Arles-Camargue Airport,Nimes,France
Osijek Airport,Osijek,Croatia
Ostrava Leos Janacek Airport,Ostrava,Czech Republic
Parma Airport,Parma,Italy
Pescara International Airport,Pescara,Italy
Plovdiv International Airport,Plovdiv,Bulgaria
Rijeka Airport,Rijeka,Croatia
Skelleftea Airport,Skelleftea,Sweden
Stockholm Vasteras Airport,Vasteras,Sweden
Tours-Val-de-Loire Airport,Tours,France
Vincenzo Florio Airport Trapani-Birgi,Trapani,Italy
Weeze Airport,Weeze,Germany
King Shaka International Airport,Durban,South Africa
Port Elizabeth Airport,Port Elizabeth,South Africa
Victoria Falls International Airport,Victoria Falls,Zimbabwe
Monastir Habib Bourguiba International Airport,Monastir,Tunisia
Mercedita Airport,Ponce,Puerto Rico
Portland International Jetport Airport,Portland,United States
Rafael Hernandez Airport,Aguadilla,Puerto Rico
Worcester Regional Airport,Worcester,United States
Bram Fischer International Airport,Bloemfontein,South Africa
George Airport,George,South Africa
Lanseria Airport,Johannesburg,South Africa
Porto Santo Airport,Porto Santo,Portugal
Longyan Guanzhishan Airport,Longyan,China
Yangyang International Airport,Sokcho / Gangneung,South Korea
Alfonso Lopez Pumarejo Airport,Valledupar,Colombia
Almirante Padilla Airport,Rio Hacha,Colombia
Benito Salas Airport,Neiva,Colombia
El Eden Airport,Armenia,Colombia
El Yopal Airport,Yopal,Colombia
Guillermo Leon Valencia Airport,Popayan,Colombia
La Nubia Airport,Manizales,Colombia
Los Garzones Airport,Monteria,Colombia
Perales Airport,Ibague,Colombia
Yariguies Airport,Barrancabermeja,Colombia
Bangoka International Airport,Kisangani,Democratic Republic of Congo
Beni Airport,Beni,Democratic Republic of Congo
Bukavu Kavumu Airport,Bukavu/kavumu,Democratic Republic of Congo
Bunia Airport,Bunia,Democratic Republic of Congo
Gemena Airport,Gemena,Democratic Republic of Congo
Goma International Airport,Goma,Democratic Republic of Congo
Kananga Airport,Kananga,Democratic Republic of Congo
Kindu Airport,Kindu,Democratic Republic of Congo
Kongolo Airport,Kongolo,Democratic Republic of Congo
Matari Airport,Isiro,Democratic Republic of Congo
Mbandaka Airport,Mbandaka,Democratic Republic of Congo
Mbuji Mayi Airport,Mbuji-mayi,Democratic Republic of Congo
Choiseul Bay Airport,Choiseul Bay,Solomon Islands
Fera/Maringe Airport,Fera Island,Solomon Islands
Honiara International Airport,Honiara,Solomon Islands
Kaghau Airport,Kagau Island,Solomon Islands
Marau Airport,Marau,Solomon Islands
Munda Airport,Munda,Solomon Islands
Ngorangora Airport,Kirakira,Solomon Islands
Nusatupe Airport,Gizo,Solomon Islands
Ramata Airport,Ramata,Solomon Islands
Rennell/Tingoa Airport,Rennell Island,Solomon Islands
Santa Ana Airport,Santa Ana,Solomon Islands
Sege Airport,Sege,Solomon Islands
Suavanao Airport,Suavanao,Solomon Islands
Ulawa Airport,Ulawa,Solomon Islands
Uru Harbour Airport,Atoifi,Solomon Islands
Adak Airport,Adak Island,United States
Aniak Airport,Aniak,United States
Bethel Airport,Bethel,United States
Cold Bay Airport,Cold Bay,United States
Dillingham Airport,Dillingham,United States
Gallatin Field,Bozeman,United States
Glacier Park International Airport,Kalispell,United States
Great Falls International Airport,Great Falls,United States
Helena Regional Airport,Helena,United States
King Salmon Airport,King Salmon,United States
Lewiston Nez Perce County Airport,Lewiston,United States
Loreto International Airport,Loreto,Mexico
McGrath Airport,Mcgrath,United States
Missoula International Airport,Missoula,United States
Monterey Peninsula Airport,Monterey,United States
Northern Maine Regional Airport at Presque Isle,Presque Isle,United States
Pangborn Memorial Airport,Wenatchee,United States
Pullman Moscow Regional Airport,Pullman,United States
Roberts Field,Redmond-Bend,United States
Sand Point Airport,Sand Point,United States
Sitka Rocky Gutierrez Airport,Sitka,United States
St George Airport,Point Barrow,United States
St Paul Island Airport,St. Paul Island,United States
Tri Cities Airport,Pasco,United States
Walla Walla Regional Airport,Walla Walla,United States
Yakima Air Terminal McAllister Field,Yakima,United States
Dumatumbun Airport,Langgur-Kei Islands,Indonesia
Iskandar Airport,Pangkalan Bun,Indonesia
Ketapang(Rahadi Usman) Airport,Ketapang,Indonesia
Oksibil Airport,Oksibil,Indonesia
Rar Gwamar Airport,Dobo,Indonesia
Saumlaki/Olilit Airport,Saumlaki,Indonesia
Wamena Airport,Wamena,Indonesia
Choibalsan Airport,Choibalsan,Mongolia
Muren Airport,Muren,Mongolia
Ulaangom Airport,Ulaangom,Mongolia
Ulgii Mongolei Airport,Olgii,Mongolia
Antonio Maceo International Airport,Santiago De Cuba,Cuba
Ignacio Agramonte International Airport,Camaguey,Cuba
Mariana Grajales Airport,Guantanamo,Cuba
Vilo Acuna International Airport,Cayo Largo del Sur,Cuba
Maturin Airport,Maturin,Venezuela
Mostar International Airport,Mostar,Bosnia and Herzegovina
Bam Airport,Bam,Iran
Bojnord Airport,Bojnourd,Iran
Dezful Airport,Dezful,Iran
Gachsaran Airport,Gachsaran,Iran
Hamadan Airport,Hamadan,Iran
Ilam Airport,Ilam,Iran
Khoy Airport,Khoy,Iran
Lamerd Airport,Lamerd,Iran
Noshahr Airport,Noshahr,Iran
Parsabade Moghan Airport,Parsabad,Iran
Persian Gulf International Airport,Khalije Fars,Iran
Ramsar Airport,Ramsar,Iran
Sabzevar National Airport,Sabzevar,Iran
Sanandaj Airport,Sanandaj,Iran
Yasouj Airport,Yasuj,Iran
Zabol Airport,Zabol,Iran
Aviador C. Campos Airport,San Martin Des Andes,Argentina
Brigadier Mayor D Cesar Raul Ojeda Airport,San Luis,Argentina
Capitan V A Almonacid Airport,La Rioja,Argentina
Catamarca Airport,Catamarca,Argentina
Cataratas Del Iguazu International Airport,Iguazu Falls,Argentina
Domingo Faustino Sarmiento Airport,San Juan,Argentina
El Calafate Airport,El Calafate,Argentina
Formosa Airport,Formosa,Argentina
Gobernador Castello Airport,Viedma,Argentina
Gobernador Horacio Guzman International Airport,Jujuy,Argentina
Libertador Gral D Jose De San Martin Airport,Posadas,Argentina
Malvinas Argentinas Airport,Ushuaia,Argentina
Martin Miguel De Guemes International Airport,Salta,Argentina
Resistencia International Airport,Resistencia,Argentina
Santa Rosa Airport,Santa Rosa,Argentina
Suboficial Ay Santiago Germano Airport,San Rafael,Argentina
Teniente Benjamin Matienzo Airport,Tucuman,Argentina
Termas de Rio Hondo international Airport,Rio Hondo,Argentina
Vicecomodoro Angel D. La Paz Aragones Airport,Santiago Del Estero,Argentina
Bolzano Airport,Bolzano,Italy
Lugano Airport,Lugano,Switzerland
Banja Luka International Airport,Banja Luka,Bosnia and Herzegovina
Kzyl-Orda Southwest Airport,Kzyl-Orda,Kazakhstan
Petropavlosk South Airport,Petropavlosk,Kazakhstan
Sary-Arka Airport,Karaganda,Kazakhstan
Semipalatinsk Airport,Semiplatinsk,Kazakhstan
Ust-Kamennogorsk Airport,Ust Kamenogorsk,Kazakhstan
Canyonlands Field,Moab,United States
Duluth International Airport,Duluth,United States
Elko Regional Airport,Elko,United States
Gillette Campbell County Airport,Gillette,United States
Jackson Hole Airport,Jacksn Hole,United States
Joslin Field Magic Valley Regional Airport,Twin Falls,United States
MBS International Airport,Saginaw,United States
Minot International Airport,Minot,United States
Pocatello Regional Airport,Pocatello,United States
Southwest Wyoming Regional Airport,Rock Springs,United States
Vernal Regional Airport,Vernal,United States
Yeager Airport,Charleston,United States
Mbanza Congo Airport,M'banza-congo,Angola
Ioannina Airport,Ioannina,Greece
Karpathos Airport,Karpathos,Greece
Skiathos Island National Airport,Skiathos,Greece
Vancouver Harbour Water Aerodrome,Vancouver,Canada
Victoria Harbour Seaplane Base,Victoria,Canada
El Fasher Airport,El Fasher,Sudan
Geneina Airport,Geneina,Sudan
Nyala Airport,Nyala,Sudan
Port Sudan New International Airport,Port Sudan,Sudan
Hilo International Airport,Hilo,United States
Molokai Airport,Molokai,United States
Pago Pago International Airport,Pago Pago,American Samoa
Bornholm Airport,Ronne,Denmark
Stord Airport,Stord,Norway
Miho Yonago Airport,Miho,Japan
Miyako Airport,Miyako,Japan
Nagasaki Airport,Nagasaki,Japan
Francistown Airport,Francistown,Botswana
Kasane Airport,Kasane,Botswana
Maun Airport,Maun,Botswana
Sir Seretse Khama International Airport,Gaberone,Botswana
Yuzhno-Sakhalinsk Airport,Yuzhno-sakhalinsk,Russia
Bahawalpur Airport,Bahawalpur,Pakistan
Faisalabad International Airport,Faisalabad,Pakistan
Multan International Airport,Multan,Pakistan
Quetta International Airport,Quetta,Pakistan
Durham Tees Valley Airport,Teesside,United Kingdom
Oradea International Airport,Oradea,Romania
Satu Mare Airport,Satu Mare,Romania
Tautii Magheraus Airport,Baia Mare,Romania
Burgos Airport,Burgos,Spain
Leon Airport,Leon,Spain
Lleida-Alguaire Airport,Lleida,Spain
Logrono-Agoncillo Airport,Logrono-Agoncillo,Spain
Salamanca Airport,Salamanca,Spain
Blackpool International Airport,Blackpool,United Kingdom
Southend Airport,Southend,United Kingdom
Alderney Airport,Alderney,Guernsey
Kerteh Airport,Kerteh,Malaysia
Kuantan Airport,Kuantan,Malaysia
Sultan Azlan Shah Airport,Ipoh,Malaysia
Kulob Airport,Kulyab,Tajikistan
Orenburg Central Airport,Orenburg,Russia
Qurghonteppa International Airport,Kurgan Tyube,Tajikistan
Taraz Airport,Dzhambul,Kazakhstan
New Castle Airport,Wilmington,United States
Northeast Florida Regional Airport,St. Augustine Airport,United States
Trenton Mercer Airport,Trenton,United States
Aguenar Hadj Bey Akhamok Airport,Tamanrasset,Algeria
Ain el Beida Airport,Ouargla,Algeria
Batna Airport,Batna,Algeria
Bechar Boudghene Ben Ali Lotfi Airport,Bechar,Algeria
Bordj Badji Mokhtar Airport,Bordj Badji Mokhtar,Algeria
Bou Chekif Airport,Tiaret,Algeria
Cheikh Larbi Tebessi Airport,Tebessa,Algeria
Djanet Inedbirene Airport,Djanet,Algeria
Ech Cheliff Airport,Ech-cheliff,Algeria
El Bayadh Airport,El Bayadh,Algeria
El Golea Airport,El Golea,Algeria
Ghriss Airport,Ghriss,Algeria
Guemar Airport,Guemar,Algeria
Hassi R'Mel Airport,Tilrempt,Algeria
In Amenas Airport,Zarzaitine,Algeria
In Salah Airport,In Salah,Algeria
Mecheria Airport,Mecheria,Algeria
Noumerat - Moufdi Zakaria Airport,Ghardaia,Algeria
Touat Cheikh Sidi Mohamed Belkebir Airport,Adrar,Algeria
Touggourt Sidi Madhi Airport,Touggourt,Algeria
Babo Airport,Babo,Indonesia
Betoambari Airport,Bau-Bau,Indonesia
Fakfak Airport,Fak Fak,Indonesia
Kaimana Airport,Kaimana,Indonesia
Kao Airport,Kao,Indonesia
Kasiguncu Airport,Poso,Indonesia
Maumere(Wai Oti) Airport,Maumere,Indonesia
Melangguane Airport,Melonguane,Indonesia
Nabire Airport,Nabire,Indonesia
Ranai Airport,Ranai-Natuna Besar Island,Indonesia
Syukuran Aminuddin Amir Airport,Luwuk,Indonesia
Umbu Mehang Kunda Airport,Waingapu,Indonesia
Aomori Airport,Aomori,Japan
Hanamaki Airport,Hanamaki,Japan
Izumo Airport,Izumo,Japan
Kumamoto Airport,Kumamoto,Japan
Misawa Air Base,Misawa,Japan
Nanki Shirahama Airport,Nanki-shirahama,Japan
Tokushima Airport/JMSDF Air Base,Tokushima,Japan
Yamagata Airport,Yamagata,Japan
Cherskiy Airport,Cherskiy,Russia
Chokurdakh Airport,Chokurdah,Russia
Chulman Airport,Neryungri,Russia
Moma Airport,Honuu,Russia
Sakkyryr Airport,Batagay-Alyta,Russia
Tiksi Airport,Tiksi,Russia
Eldoret International Airport,Eldoret,Kenya
Kisumu Airport,Kisumu,Kenya
Malindi Airport,Malindi,Kenya
Mwanza Airport,Mwanza,Tanzania
Nampula Airport,Nampula,Mozambique
Pemba Airport,Pemba,Mozambique
Berbera Airport,Berbera,Somalia
Bosaso Airport,Bosaso,Somalia
Galcaio Airport,Galcaio,Somalia
Sihanoukville International Airport,Sihanoukville,Cambodia
La Isabela International Airport,La Isabela,Dominican Republic
Arthur's Town Airport,Arthur's Town,Bahamas
Deadman's Cay Airport,Dead Man's Cay,Bahamas
New Bight Airport,Cat Island,Bahamas
Rock Sound Airport,Rock Sound,Bahamas
Rum Cay Airport,Port Nelson,Bahamas
Stella Maris Airport,Stella Maris,Bahamas
Canal Bajo Carlos - Hott Siebert Airport,Osorno,Chile
Capitan FAP Carlos Martinez De Pinillos International Airport,Trujillo,Peru
Capitan FAP Guillermo Concha Iberico International Airport,Piura,Peru
Capitan FAP Jose A Quinones Gonzales International Airport,Chiclayo,Peru
Capitan FAP Pedro Canga Rodriguez Airport,Tumbes,Peru
Coronel FAP Carlos Ciriani Santa Rosa International Airport,Tacna,Peru
Mataveri Airport,Easter Island,Chile
Mayor General FAP Armando Revoredo Iglesias Airport,Cajamarca,Peru
Mocopulli Airport,Castro,Chile
Mount Pleasant Airport,Mount Pleasant,Falkland Islands
Dunedin Airport,Dunedin,New Zealand
Faleolo International Airport,Faleolo,Samoa
Gisborne Airport,Gisborne,New Zealand
Hamilton International Airport,Hamilton,New Zealand
Hawke's Bay Airport,NAPIER,New Zealand
Hokitika Airfield,Hokitika,New Zealand
Invercargill Airport,Invercargill,New Zealand
Kaitaia Airport,Kaitaia,New Zealand
Kerikeri Airport,Kerikeri,New Zealand
La Tontouta International Airport,Noumea,New Caledonia
Nelson Airport,Nelson,New Zealand
New Plymouth Airport,New Plymouth,New Zealand
Niue International Airport,Alofi,Niue
Norfolk Island International Airport,Norfolk Island,Norfolk Island
Palmerston North Airport,Palmerston North,New Zealand
Paraparaumu Airport,Paraparaumu,New Zealand
Queenstown International Airport,Queenstown International,New Zealand
Rotorua Regional Airport,Rotorua,New Zealand
Taupo Airport,Taupo,New Zealand
Tauranga Airport,Tauranga,New Zealand
Timaru Airport,Timaru,New Zealand
Wanganui Airport,Wanganui,New Zealand
Westport Airport,Westport,New Zealand
Whakatane Airport,Whakatane,New Zealand
Whangarei Airport,Whangarei,New Zealand
Woodbourne Airport,Woodbourne,New Zealand
Bonriki International Airport,Tarawa,Kiribati
Marshall Islands International Airport,Majuro,Marshall Islands
Nauru International Airport,Nauru,Nauru
Edward Bodden Airfield,Little Cayman,Cayman Islands
Gerrard Smith International Airport,Cayman Brac,Cayman Islands
Goloson International Airport,La Ceiba,Honduras
Amasya Merzifon Airport,Merzifon,Turkey
Balikesir Korfez Airport,Balikesir Korfez,Turkey
Batman Airport,Batman,Turkey
Cardak Airport,Denizli,Turkey
Erzincan Airport,Erzincan,Turkey
Kahramanmaras Airport,Kahramanmaras,Turkey
Konya Airport,Konya,Turkey
Mardin Airport,Mardin,Turkey
Mus Airport,Mus,Turkey
Nevsehir Kapadokya Airport,Nevsehir,Turkey
Omsk Central Airport,Omsk,Russia
Sivas Nuri Airport,Sivas,Turkey
Van Ferit Melen Airport,Van,Turkey
Capitan Anibal Arab Airport,Cobija,Bolivia
Capitan Oriel Lea Plaza Airport,Tarija,Bolivia
Jorge Wilsterman International Airport,Cochabamba,Bolivia
Juana Azurduy De Padilla Airport,Sucre,Bolivia
Abakan Airport,Abakan,Russia
Bogashevo Airport,Tomsk,Russia
Igarka Airport,Igarka,Russia
Norilsk-Alykel Airport,Norilsk,Russia
Podkamennaya Tunguska Airport,Bor,Russia
Turukhansk Airport,Turukhansk,Russia
Ulan-Ude Airport (Mukhino),Ulan-ude,Russia
Nouadhibou International Airport,Nouadhibou,Mauritania
Zhangjiakou Ningyuan Airport,Zhangjiakou,China
Gamal Abdel Nasser Airport,Tobruk,Libya
Gardabya Airport,Sirt,Libya
Ghadames East Airport,Ghadames,Libya
Ghat Airport,Ghat,Libya
La Abraq Airport,Al Bayda',Libya
Kostanay West Airport,Kostanay,Kazakhstan
Pavlodar Airport,Pavlodar,Kazakhstan
Zhezkazgan Airport,Zhezkazgan,Kazakhstan
Akita Airport,Akita,Japan
Gwangju Airport,Kwangju,South Korea
Sacheon Air Base/Airport,Sacheon,South Korea
Wonju/Hoengseong Air Base (K-38/K-46),Wonju,South Korea
Paro Airport,Thimphu,Bhutan
Kumejima Airport,Kumejima,Japan
Hierro Airport,Hierro,Spain
La Gomera Airport,La Gomera,Spain
Dzaoudzi Pamandzi International Airport,Dzaoudzi,Mayotte
Linkoeping City Airport,Linkoeping,Sweden
Mattala Rajapaksa International Airport,Mattala,Sri Lanka
El Tehuelche Airport,Puerto Madryn,Argentina
Oyo Ollombo Airport,Oyo,Republic of Congo
Bhadrapur Airport,Chandragarhi,Nepal
Bharatpur Airport,Bharatpur,Nepal
Biratnagar Airport,Biratnagar,Nepal
Dhangarhi Airport,Dhangarhi,Nepal
Gautam Buddha Airport,Bhairawa,Nepal
Janakpur Airport,Janakpur,Nepal
Nepalgunj Airport,Nepalgunj,Nepal
Pokhara Airport,Pokhara,Nepal
Tumling Tar Airport,Tumling Tar,Nepal
Pohang Airport (G-815/K-3),Pohang,South Korea
Ulsan Airport,Ulsan,South Korea
Yamaguchi Ube Airport,Yamaguchi,Japan
Yeosu Airport,Yeosu,South Korea
Uzhhorod International Airport,Uzhgorod,Ukraine
Zaporizhzhia International Airport,Zaporozhye,Ukraine
Eday Airport,Eday,United Kingdom
North Ronaldsay Airport,North Ronaldsay,United Kingdom
Papa Westray Airport,Papa Westray,United Kingdom
Sanday Airport,Sanday,United Kingdom
Stronsay Airport,Stronsay,United Kingdom
Westray Airport,Westray,United Kingdom
Fukue Airport,Fukue,Japan
Hachijojima Airport,Hachijojima,Japan
Iki Airport,Iki,Japan
Iwakuni Marine Corps Air Station,Iwakuni,Japan
Iwami Airport,Iwami,Japan
Kochi Airport,Kochi,Japan
Monbetsu Airport,Monbetsu,Japan
Nakashibetsu Airport,Nakashibetsu,Japan
Noto Airport,Wajima,Japan
Odate Noshiro Airport,Odate Noshiro,Japan
Oshima Airport,Oshima,Japan
Shonai Airport,Shonai,Japan
Tottori Airport,Tottori,Japan
Tsushima Airport,Tsushima,Japan
Wakkanai Airport,Wakkanai,Japan
Bolshoye Savino Airport,Perm,Russia
Karlovy Vary International Airport,Karlovy Vary,Czech Republic
Beijing Nanyuan Airport,Beijing,China
Foshan Shadi Airport,Foshan,China
Golmud Airport,Golmud,China
Jinchuan Airport,Jinchuan,China
Kangding Airport,Kangding,China
Lingling Airport,Yongzhou,China
Naypyidaw Airport,Naypyidaw,Burma
Ngari Gunsa Airport,Shiquanhe,China
Yushu Batang Airport,Yushu,China
Zhangye Ganzhou Airport,Zhangye,China
Guarani International Airport,Ciudad del Este,Paraguay
Flin Flon Airport,Flin Flon,Canada
Gillam Airport,Gillam,Canada
Sanikiluaq Airport,Sanikiluaq,Canada
The Pas Airport,The Pas,Canada
Presidente Nicolau Lobato International Airport,Dili,East Timor
Lampang Airport,Lampang,Thailand
Sukhothai Airport,Sukhothai,Thailand
Trat Airport,Trat,Thailand
U-Tapao International Airport,Pattaya,Thailand
Angouleme-Brie-Champniers Airport,Angouleme,France
Hydaburg Seaplane Base,Hydaburg,United States
JAGS McCartney International Airport,Cockburn Town,Turks and Caicos Islands
Klawock Airport,Klawock,United States
Altai Airport,Altai,Mongolia
Bayankhongor Airport,Bayankhongor,Mongolia
Donoi Airport,Uliastai,Mongolia
Khovd Airport,Khovd,Mongolia
Matsumoto Airport,Matsumoto,Japan
Nagoya Airport,Nagoya,Japan
St Pierre Airport,St.-pierre,Saint Pierre and Miquelon
Chitral Airport,Chitral,Pakistan
Dalbandin Airport,Dalbandin,Pakistan
Dera Ghazi Khan Airport,Dera Ghazi Khan,Pakistan
Dera Ismael Khan Airport,Dera Ismael Khan,Pakistan
Gilgit Airport,Gilgit,Pakistan
Gwadar International Airport,Gwadar,Pakistan
Moenjodaro Airport,Moenjodaro,Pakistan
Panjgur Airport,Panjgur,Pakistan
Shaikh Zaid Airport,Rahim Yar Khan,Pakistan
Skardu Airport,Skardu,Pakistan
Sukkur Airport,Sukkur,Pakistan
Turbat International Airport,Turbat,Pakistan
Zhob Airport,Zhob,Pakistan
Avalon Airport,Avalon,Australia
Hamilton Island Airport,Hamilton Island,Australia
Sunshine Coast Airport,Maroochydore,Australia
Bol Airport,Brac,Croatia
Gustavus Airport,Gustavus,United States
Haines Airport,Haines,United States
Hoonah Airport,Hoonah,United States
Skagway Airport,Skagway,United States
Ben Schoeman Airport,East London,South Africa
Mfuwe Airport,Mfuwe,Zambia
Amborovy Airport,Mahajanga,Madagascar
Antsirabato Airport,Antalaha,Madagascar
Arrachart Airport,Antsiranana,Madagascar
Fascene Airport,Nosy-be,Madagascar
Mananara Nord Airport,Mananara,Madagascar
Maroantsetra Airport,Maroantsetra,Madagascar
Morondava Airport,Morondava,Madagascar
Sainte Marie Airport,Sainte Marie,Madagascar
Sambava Airport,Sambava,Madagascar
Toamasina Airport,Toamasina,Madagascar
Tolanaro Airport,Tolagnaro,Madagascar
Toliara Airport,Toliara,Madagascar
Akureyri Airport,Akureyri,Iceland
Egilsstadir Airport,Egilsstadir,Iceland
Reykjavik Airport,Reykjavik,Iceland
Sir Charles Gaetan Duval Airport,Rodriguez Island,Mauritius
Hagerstown Regional Richard A Henson Field,Hagerstown,United States
Lancaster Airport,Lancaster,United States
Victoria Regional Airport,Victoria,United States
Arnold Palmer Regional Airport,Latrobe,United States
Atlantic City International Airport,Atlantic City,United States
Tazadit Airport,Zouerat,Mauritania
Aneityum Airport,Anelghowhat,Vanuatu
Aniwa Airport,Aniwa,Vanuatu
Craig Cove Airport,Craig Cove,Vanuatu
Dillon's Bay Airport,Dillon's Bay,Vanuatu
Futuna Airport,Futuna Island,Wallis and Futuna
Gaua Island Airport,Gaua Island,Vanuatu
Ipota Airport,Ipota,Vanuatu
Lamap Airport,Lamap,Vanuatu
Lamen Bay Airport,Lamen Bay,Vanuatu
Longana Airport,Longana,Vanuatu
Lonorore Airport,Lonorore,Vanuatu
Maewo-Naone Airport,Maewo Island,Vanuatu
Mota Lava Airport,Ablow,Vanuatu
Norsup Airport,Norsup,Vanuatu
Santo Pekoa International Airport,Santo,Vanuatu
Sara Airport,Pentecost Island,Vanuatu
Siwo Airport,Sangafa,Vanuatu
Sola Airport,Sola,Vanuatu
Southwest Bay Airport,Malekula Island,Vanuatu
Tanna Airport,Tanna,Vanuatu
Tavie Airport,Paama Island,Vanuatu
Tongoa Airport,Tongoa Island,Vanuatu
Torres Airstrip,Loh/Linua,Vanuatu
Ulei Airport,Ambryn Island,Vanuatu
Valesdir Airport,Valesdir,Vanuatu
Walaha Airport,Walaha,Vanuatu
Argyle International Airport,Kingstown,Saint Vincent and the Grenadines
Eugene F. Correira International Airport,Georgetown,Guyana
Monte Dourado Airport,Almeirim,Brazil
Calbayog Airport,Calbayog City,Philippines
Jolo Airport,Jolo,Philippines
Moises R. Espinosa Airport,Masbate,Philippines
Ban Huoeisay Airport,Huay Xai,Laos
Luang Namtha Airport,Luang Namtha,Laos
Oudomsay Airport,Muang Xay,Laos
Pakse International Airport,Pakse,Laos
Savannakhet Airport,Savannakhet,Laos
Xieng Khouang Airport,Phon Savan,Laos
Barcaldine Airport,Barcaldine,Australia
Blackall Airport,Blackall,Australia
Charleville Airport,Charlieville,Australia
Devonport Airport,Devonport,Australia
Gove Airport,Gove,Australia
Horn Island Airport,Horn Island,Australia
Moree Airport,Moree,Australia
Olympic Dam Airport,Olympic Dam,Australia
Roma Airport,Roma,Australia
Tamworth Airport,Tamworth,Australia
Weipa Airport,Weipa,Australia
Sirri Island Airport,Siri Island,Iran
Aurukun Airport,Aurukun,Australia
Bedourie Airport,Bedourie,Australia
Birdsville Airport,Birdsville,Australia
Boulia Airport,Boulia,Australia
Burketown Airport,Burketown,Australia
Coen Airport,Coen,Australia
Cunnamulla Airport,Cunnamulla,Australia
Doomadgee Airport,Doomadgee,Australia
Kowanyama Airport,Kowanyama,Australia
Lockhart River Airport,Lockhart River,Australia
Mornington Island Airport,Mornington Island,Australia
Normanton Airport,Normanton,Australia
Northern Peninsula Airport,Amberley,Australia
Pormpuraaw Airport,Pormpuraaw,Australia
Quilpie Airport,Quilpie,Australia
Thargomindah Airport,Thargomindah,Australia
Toowoomba Airport,Toowoomba,Australia
Windorah Airport,Windorah,Australia
Garoua International Airport,Garoua,Cameroon
N'gaoundere Airport,N'gaoundere,Cameroon
Salak Airport,Maroua,Cameroon
Arusha Airport,Arusha,Tanzania
Bukoba Airport,Bukoba,Tanzania
Mtwara Airport,Mtwara,Tanzania
Songwe Airport,Mbeya,Tanzania
Buka Airport,Buka Island,Papua New Guinea
Girua Airport,Girua,Papua New Guinea
Gurney Airport,Gurney,Papua New Guinea
Kavieng Airport,Kavieng,Papua New Guinea
Kimbe Airport,Hoskins,Papua New Guinea
Kiunga Airport,Kiunga,Papua New Guinea
Madang Airport,Madang,Papua New Guinea
Momote Airport,Momote,Papua New Guinea
Nadzab Airport,Nadzab,Papua New Guinea
Tabubil Airport,Tabubil,Papua New Guinea
Tari Airport,Tari,Papua New Guinea
Tokua Airport,Tokua,Papua New Guinea
Vanimo Airport,Vanimo,Papua New Guinea
Wewak International Airport,Wewak,Papua New Guinea
Havre St Pierre Airport,Havre-Saint-Pierre,Canada
Ignatyevo Airport,Blagoveschensk,Russia
Nogliki Airport,Nogliki,Russia
Pevek Airport,Pevek,Russia
Port Menier Airport,Port Menier,Canada
Sokol Airport,Magadan,Russia
Orsk Airport,Orsk,Russia
Juan Pablo Perez Alfonso Airport,El Vigia,Venezuela
Mayor Buenaventura Vivas International Airport,Santo Domingo,Venezuela
Dharavandhoo Airport,DHARAVANDHOO,Maldives
Gan International Airport,Gan Island,Maldives
Hanimaadhoo Airport,Haa Dhaalu Atoll,Maldives
Kaadedhdhoo Airport,Kaadedhdhoo,Maldives
Kadhdhoo Airport,Laamu Atoll,Maldives
Kooddoo Airport,Kooddoo,Maldives
Takoradi Airport,Takoradi,Ghana
Chingozi Airport,Tete,Mozambique
Hendrik Van Eck Airport,Phalaborwa,South Africa
Hoedspruit Air Force Base Airport,Hoedspruit,South Africa
Joshua Mqabuko Nkomo International Airport,Bulawayo,Zimbabwe
Kimberley Airport,Kimberley,South Africa
Kruger Mpumalanga International Airport,Mpumalanga,South Africa
Pierre Van Ryneveld Airport,Upington,South Africa
Pietermaritzburg Airport,Pietermaritzburg,South Africa
Polokwane International Airport,Potgietersrus,South Africa
Richards Bay Airport,Richard's Bay,South Africa
Vilankulo Airport,Vilankulu,Mozambique
Walvis Bay Airport,Walvis Bay,Namibia
Vagar Airport,Vagar,Faroe Islands
Aqaba King Hussein International Airport,Aqaba,Jordan
Mosul International Airport,Mosul,Iraq
Bhuj Airport,Bhuj,India
Hihifo Airport,Wallis,Wallis and Futuna
Pointe Vele Airport,Futuna Island,Wallis and Futuna
Anapa Vityazevo Airport,Anapa,Russia
Beslan Airport,Beslan,Russia
Gorno-Altaysk Airport,Gorno-Altaysk,Russia
Kemerovo Airport,Kemorovo,Russia
Simferopol International Airport,Simferopol,Ukraine
Spichenkovo Airport,Novokuznetsk,Russia
Stavropol Shpakovskoye Airport,Stavropol,Russia
Yelizovo Airport,Petropavlovsk,Russia
Horta Airport,Horta,Portugal
Lajes Airport,Lajes (terceira Island),Portugal
Pico Airport,Pico,Portugal
Cap Haitien International Airport,Cap Haitien,Haiti
Kiruna Airport,Kiruna,Sweden
Ostersund Airport,Ostersund,Sweden
Svalbard Airport,Svalbard,Norway
Heringsdorf Airport,Heringsdorf,Germany
Augsburg Airport,Augsburg,Germany
Erfurt Airport,Erfurt,Germany
Hamburg-Finkenwerder Airport,Hamburg,Germany
Hawarden Airport,Hawarden,United Kingdom
Kassel-Calden Airport,Kassel,Germany
Zonguldak Airport,Zonguldak,Turkey
Gelendzhik Airport,Gelendzhik,Russia
Al Baha Airport,El-baha,Saudi Arabia
Al Qaisumah/Hafr Al Batin Airport,Hafr Al-batin,Saudi Arabia
Al Wajh Domestic Airport,Wejh,Saudi Arabia
Al-Jawf Domestic Airport,Al-Jawf,Saudi Arabia
Arar Domestic Airport,Arar,Saudi Arabia
Bisha Airport,Bisha,Saudi Arabia
Gurayat Domestic Airport,Guriat,Saudi Arabia
Majeed Bin Abdulaziz Airport,Al-Ula,Saudi Arabia
Nejran Airport,Nejran,Saudi Arabia
Rafha Domestic Airport,Rafha,Saudi Arabia
Sharurah Airport,Sharurah,Saudi Arabia
Turaif Domestic Airport,Turaif,Saudi Arabia
Wadi Al Dawasir Airport,Wadi-al-dawasir,Saudi Arabia
Bern Belp Airport,Bern,Switzerland
Capital City Airport,Lansing,United States
Khanty Mansiysk Airport,Khanty-Mansiysk,Russia
Dijon-Bourgogne Airport,Dijon,France
Le Havre Octeville Airport,Le Havre,France
Perigueux-Bassillac Airport,Perigueux,France
Nantucket Memorial Airport,Nantucket,United States
Teterboro Airport,Teterboro,United States
Adiyaman Airport,Adiyaman,Turkey
Agri Airport,Agri,Turkey
Anadolu Airport,Eskissehir,Turkey
Bingol Geltiksuyu Airport,Bingol,Turkey
Canakkale Airport,Canakkale,Turkey
Igdir Airport,Igdir,Turkey
Kars Airport,Kars,Turkey
Kastamonu Airport,Kastamonu,Turkey
Mihail Kogalniceanu International Airport,Constanta,Romania
Nakhchivan Airport,Nakhchivan,Azerbaijan
Sinop Airport,Sinop,Turkey
Suleyman Demirel International Airport,Isparta,Turkey
Zafer Airport,Kutahya,Turkey
Elcho Island Airport,Elcho Island,Australia
Groote Eylandt Airport,Groote Eylandt,Australia
Maningrida Airport,Maningrida,Australia
McArthur River Mine Airport,McArthur River Mine,Australia
Milingimbi Airport,Milingimbi,Australia
Beira Airport,Beira,Mozambique
Chimoio Airport,Chimoio,Mozambique
Inhambane Airport,Inhambane,Mozambique
Lichinga Airport,Lichinga,Mozambique
Quelimane Airport,Quelimane,Mozambique
Tozeur Nefta International Airport,Tozeur,Tunisia
Ile Art - Waala Airport,Waala,New Caledonia
Ile des Pins Airport,Ile des Pins,New Caledonia
Kone Airport,Kone,New Caledonia
Koumac Airport,Koumac,New Caledonia
Lifou Airport,Lifou,New Caledonia
Mare Airport,Mare,New Caledonia
Noumea Magenta Airport,Noumea,New Caledonia
Ouvea Airport,Ouvea,New Caledonia
Tiga Airport,Tiga,New Caledonia
Touho Airport,Touho,New Caledonia
Federico Fellini International Airport,Rimini,Italy
Gabala International Airport,Qabala,Azerbaijan
Gyumri Shirak Airport,Gyumri,Armenia
Lankaran International Airport,Lankaran,Azerbaijan
Altoona Blair County Airport,Altoona,United States
Aspen-Pitkin Co/Sardy Field,Aspen,United States
Bucholz Army Air Field,Kwajalein,Marshall Islands
California Redwood Coast-Humboldt County Airport,Arcata CA,United States
Chico Municipal Airport,Chico,United States
Chuuk International Airport,Chuuk,Micronesia
Crater Lake-Klamath Regional Airport,Klamath Falls,United States
Eagle County Regional Airport,Vail,United States
Jack Mc Namara Field Airport,Crescent City,United States
John Murtha Johnstown Cambria County Airport,Johnstown,United States
Kosrae International Airport,Kosrae,Micronesia
Laramie Regional Airport,Laramie,United States
Mc Clellan-Palomar Airport,Carlsbad,United States
Modesto City Co-Harry Sham Field,Modesto,United States
Montrose Regional Airport,Montrose CO,United States
Morgantown Municipal Walter L. Bill Hart Field,Morgantown,United States
Pohnpei International Airport,Pohnpei,Micronesia
Pueblo Memorial Airport,Pueblo,United States
Raleigh County Memorial Airport,Beckley,United States
Redding Municipal Airport,Redding,United States
Rota International Airport,Rota,Northern Mariana Islands
Santa Maria Pub/Capt G Allan Hancock Field,Santa Maria,United States
Shenandoah Valley Regional Airport,Weyers Cave,United States
Yampa Valley Airport,Hayden,United States
Yap International Airport,Yap,Micronesia
Yuma MCAS/Yuma International Airport,Yuma,United States
Le Puy-Loudes Airport,Le Puy,France
Massawa International Airport,Massawa,Eritrea
Gabes Matmata International Airport,Gabes,Tunisia
Gafsa Ksar International Airport,Gafsa,Tunisia
Kokshetau Airport,Kokshetau,Kazakhstan
Pardubice Airport,Pardubice,Czech Republic
Ugolny Airport,Anadyr,Russia
Donskoye Airport,Tambow,Russia
Kursk East Airport,Kursk,Russia
Ust-Tsylma Airport,Ust-Tsylma,Russia
Lynchburg Regional Preston Glenn Field,Lynchburg,United States
Badajoz Airport,Badajoz,Spain
Antonio Jose de Sucre Airport,Cumana,Venezuela
Cacique Aramare Airport,Puerto Ayacucho,Venezuela
Canaima Airport,Canaima,Venezuela
General Bartolome Salom International Airport,Puerto Cabello,Venezuela
Jose Leonardo Chirinos Airport,Coro,Venezuela
San Tome Airport,San Tome,Venezuela
Richmond Airport,Richmond,United States
Albany Airport,Albany,United States
Karluk Airport,Karluk,United States
San Jose Airport,San Jose,Costa Rica
St Michael Airport,St. Michael,United States
Waterloo Regional Airport,Waterloo,Canada
Abraham Lincoln Capital Airport,Springfield,United States
Alexandria International Airport,Alexandria,Egypt
Fort Smith Regional Airport,Fort Smith,Canada
Santa Fe Municipal Airport,Santa Fe,Argentina
Filippos Airport,Kozani,Greece
Eqalugaarsuit Heliport,Eqalugaarsuit,Greenland
Angoon Seaplane Base,Angoon,United States
Santa Rosa International Airport,Santa Rosa,Argentina
Teniente Coronel Luis a Mantilla Airport,Tulcan,Ecuador
Kalemie Airport,Kalemie,Democratic Republic of Congo
Santa Ana Airport,Santa Ana,United States
Dalanzadgad Airport,Dalanzadgad,Mongolia
St Pierre Airport,St.-pierre,Reunion
Victoria Regional Airport,Victoria,Canada
Oriximina Airport,Oriximina,Brazil
Breves Airport,Breves,Brazil
